OpenROAD e69d93ffb92e02e755ed4277376296f3deaaa8d9 
Features included (+) or not (-): +GPU +GUI +Python
This program is licensed under the BSD-3 license. See the LICENSE file for details.
Components of this program may be licensed under more restrictive licenses which must be honored.
[INFO ORD-0030] Using 8 thread(s).
source /home/fetzfs_projects/MLBuf/flows/OpenROAD-flow-scripts/flow/platforms/nangate45/setRC.tcl
Perform port buffering...
[INFO RSZ-0027] Inserted 212 input buffers.
[INFO RSZ-0028] Inserted 224 output buffers.
Perform buffer insertion and gate resizing...
repair_design -verbose
[INFO RSZ-0058] Using max wire length 640um.
Iteration | Resized | Buffers | Nets repaired | Remaining
---------------------------------------------------------
        0 |       0 |       0 |             0 |    174190
      100 |      20 |       0 |             0 |    174090
      200 |      86 |       0 |             0 |    173990
      300 |     168 |       0 |             0 |    173890
      400 |     262 |       0 |             0 |    173790
      500 |     354 |       0 |             0 |    173690
      600 |     372 |       0 |             0 |    173590
      700 |     372 |       0 |             0 |    173490
      800 |     372 |       0 |             0 |    173390
      900 |     372 |       0 |             0 |    173290
     1000 |     372 |       0 |             0 |    173190
     1100 |     372 |       0 |             0 |    173090
     1200 |     372 |       0 |             0 |    172990
     1300 |     373 |       0 |             0 |    172890
     1400 |     389 |       0 |             0 |    172790
     1500 |     398 |       0 |             0 |    172690
     1600 |     404 |       0 |             0 |    172590
     1700 |     423 |       0 |             0 |    172490
     1800 |     423 |       0 |             0 |    172390
     1900 |     424 |       0 |             0 |    172290
     2000 |     427 |       3 |             2 |    172190
     2100 |     427 |       3 |             2 |    172090
     2200 |     430 |       5 |             4 |    171990
     2300 |     434 |       9 |             6 |    171890
     2400 |     434 |       9 |             6 |    171790
     2500 |     434 |       9 |             6 |    171690
     2600 |     437 |      11 |             8 |    171590
     2700 |     437 |      11 |             8 |    171490
     2800 |     437 |      11 |             8 |    171390
     2900 |     451 |      13 |            22 |    171290
     3000 |     452 |      13 |            22 |    171190
     3100 |     455 |      15 |            24 |    171090
     3200 |     455 |      15 |            24 |    170990
     3300 |     458 |      18 |            26 |    170890
     3400 |     458 |      18 |            26 |    170790
     3500 |     463 |      21 |            29 |    170690
     3600 |     463 |      21 |            30 |    170590
     3700 |     464 |      21 |            35 |    170490
     3800 |     466 |      23 |            39 |    170390
     3900 |     466 |      23 |            39 |    170290
     4000 |     467 |      23 |            39 |    170190
     4100 |     468 |      24 |            40 |    170090
     4200 |     473 |      24 |            40 |    169990
     4300 |     476 |      24 |            40 |    169890
     4400 |     476 |      24 |            40 |    169790
     4500 |     480 |      24 |            40 |    169690
     4600 |     485 |      24 |            40 |    169590
     4700 |     492 |      24 |            40 |    169490
     4800 |     492 |      24 |            40 |    169390
     4900 |     495 |      24 |            42 |    169290
     5000 |     542 |      24 |            42 |    169190
     5100 |     561 |      26 |            44 |    169090
     5200 |     563 |      27 |            45 |    168990
     5300 |     570 |      31 |            48 |    168890
     5400 |     576 |      34 |            50 |    168790
     5500 |     577 |      34 |            50 |    168690
     5600 |     585 |      36 |            51 |    168590
     5700 |     592 |      39 |            53 |    168490
     5800 |     606 |      47 |            58 |    168390
     5900 |     609 |      50 |            60 |    168290
     6000 |     610 |      54 |            64 |    168190
     6100 |     648 |      67 |           133 |    168090
     6200 |     696 |      68 |           138 |    167990
     6300 |     705 |      69 |           139 |    167890
     6400 |     706 |      69 |           141 |    167790
     6500 |     708 |      70 |           142 |    167690
     6600 |     708 |      70 |           142 |    167590
     6700 |     708 |      70 |           142 |    167490
     6800 |     711 |      70 |           142 |    167390
     6900 |     725 |      70 |           143 |    167290
     7000 |     742 |      88 |           152 |    167190
     7100 |     743 |      92 |           183 |    167090
     7200 |     745 |      93 |           187 |    166990
     7300 |     745 |      93 |           187 |    166890
     7400 |     748 |      93 |           187 |    166790
     7500 |     811 |      93 |           188 |    166690
     7600 |     812 |      93 |           191 |    166590
     7700 |     812 |      93 |           192 |    166490
     7800 |     877 |      93 |           195 |    166390
     7900 |     890 |      93 |           195 |    166290
     8000 |     912 |      99 |           198 |    166190
     8100 |     912 |      99 |           198 |    166090
     8200 |     919 |      99 |           200 |    165990
     8300 |     922 |      99 |           201 |    165890
     8400 |     922 |      99 |           202 |    165790
     8500 |     922 |      99 |           203 |    165690
     8600 |     922 |      99 |           203 |    165590
     8700 |     922 |      99 |           203 |    165490
     8800 |     924 |      99 |           203 |    165390
     8900 |     926 |      99 |           203 |    165290
     9000 |     926 |      99 |           204 |    165190
     9100 |     926 |      99 |           205 |    165090
     9200 |     926 |      99 |           205 |    164990
     9300 |     926 |      99 |           206 |    164890
     9400 |     926 |      99 |           237 |    164790
     9500 |     926 |      99 |           253 |    164690
     9600 |     926 |      99 |           270 |    164590
     9700 |     926 |      99 |           270 |    164490
     9800 |     926 |      99 |           271 |    164390
     9900 |     926 |      99 |           272 |    164290
    10000 |     928 |      99 |           273 |    164190
    10100 |     935 |      99 |           278 |    164090
    10200 |     940 |     105 |           282 |    163990
    10300 |     943 |     105 |           284 |    163890
    10400 |     943 |     105 |           284 |    163790
    10500 |     943 |     105 |           284 |    163690
    10600 |     943 |     105 |           284 |    163590
    10700 |     943 |     105 |           284 |    163490
    10800 |     943 |     105 |           284 |    163390
    10900 |     958 |     109 |           291 |    163290
    11000 |     958 |     109 |           292 |    163190
    11100 |     958 |     109 |           292 |    163090
    11200 |     960 |     114 |           297 |    162990
    11300 |     963 |     117 |           299 |    162890
    11400 |     963 |     117 |           300 |    162790
    11500 |     971 |     126 |           303 |    162690
    11600 |     971 |     126 |           303 |    162590
    11700 |     994 |     167 |           309 |    162490
    11800 |    1015 |     183 |           311 |    162390
    11900 |    1020 |     183 |           311 |    162290
    12000 |    1029 |     183 |           311 |    162190
    12100 |    1046 |     185 |           312 |    162090
    12200 |    1051 |     185 |           312 |    161990
    12300 |    1070 |     185 |           312 |    161890
    12400 |    1090 |     185 |           312 |    161790
    12500 |    1118 |     185 |           312 |    161690
    12600 |    1173 |     185 |           312 |    161590
    12700 |    1222 |     185 |           312 |    161490
    12800 |    1257 |     186 |           313 |    161390
    12900 |    1293 |     187 |           314 |    161290
    13000 |    1309 |     190 |           315 |    161190
    13100 |    1322 |     190 |           315 |    161090
    13200 |    1351 |     190 |           316 |    160990
    13300 |    1394 |     190 |           316 |    160890
    13400 |    1419 |     190 |           316 |    160790
    13500 |    1482 |     190 |           316 |    160690
    13600 |    1505 |     190 |           318 |    160590
    13700 |    1559 |     190 |           318 |    160490
    13800 |    1581 |     190 |           331 |    160390
    13900 |    1599 |     191 |           332 |    160290
    14000 |    1623 |     191 |           334 |    160190
    14100 |    1634 |     192 |           338 |    160090
    14200 |    1651 |     195 |           339 |    159990
    14300 |    1651 |     195 |           339 |    159890
    14400 |    1651 |     195 |           339 |    159790
    14500 |    1651 |     195 |           339 |    159690
    14600 |    1651 |     195 |           339 |    159590
    14700 |    1651 |     195 |           341 |    159490
    14800 |    1651 |     195 |           341 |    159390
    14900 |    1651 |     195 |           341 |    159290
    15000 |    1676 |     196 |           343 |    159190
    15100 |    1692 |     196 |           371 |    159090
    15200 |    1692 |     196 |           471 |    158990
    15300 |    1692 |     196 |           553 |    158890
    15400 |    1697 |     210 |           622 |    158790
    15500 |    1704 |     210 |           622 |    158690
    15600 |    1709 |     210 |           624 |    158590
    15700 |    1728 |     210 |           627 |    158490
    15800 |    1742 |     221 |           635 |    158390
    15900 |    1768 |     221 |           635 |    158290
    16000 |    1777 |     221 |           635 |    158190
    16100 |    1784 |     221 |           635 |    158090
    16200 |    1797 |     221 |           635 |    157990
    16300 |    1808 |     225 |           636 |    157890
    16400 |    1828 |     225 |           636 |    157790
    16500 |    1829 |     225 |           636 |    157690
    16600 |    1829 |     225 |           636 |    157590
    16700 |    1829 |     225 |           636 |    157490
    16800 |    1836 |     225 |           636 |    157390
    16900 |    1846 |     225 |           641 |    157290
    17000 |    1872 |     225 |           643 |    157190
    17100 |    1873 |     225 |           643 |    157090
    17200 |    1873 |     225 |           643 |    156990
    17300 |    1873 |     225 |           643 |    156890
    17400 |    1873 |     225 |           643 |    156790
    17500 |    1873 |     225 |           643 |    156690
    17600 |    1873 |     225 |           643 |    156590
    17700 |    1873 |     225 |           643 |    156490
    17800 |    1873 |     225 |           643 |    156390
    17900 |    1873 |     225 |           643 |    156290
    18000 |    1873 |     225 |           643 |    156190
    18100 |    1873 |     225 |           643 |    156090
    18200 |    1873 |     225 |           643 |    155990
    18300 |    1873 |     225 |           643 |    155890
    18400 |    1873 |     225 |           643 |    155790
    18500 |    1873 |     225 |           643 |    155690
    18600 |    1873 |     225 |           643 |    155590
    18700 |    1874 |     226 |           644 |    155490
    18800 |    1874 |     226 |           644 |    155390
    18900 |    1874 |     226 |           644 |    155290
    19000 |    1876 |     226 |           644 |    155190
    19100 |    1876 |     226 |           644 |    155090
    19200 |    1877 |     226 |           644 |    154990
    19300 |    1877 |     226 |           644 |    154890
    19400 |    1877 |     226 |           644 |    154790
    19500 |    1878 |     226 |           644 |    154690
    19600 |    1885 |     226 |           646 |    154590
    19700 |    1917 |     226 |           647 |    154490
    19800 |    1951 |     226 |           649 |    154390
    19900 |    1955 |     226 |           649 |    154290
    20000 |    1957 |     226 |           649 |    154190
    20100 |    1961 |     226 |           649 |    154090
    20200 |    1963 |     227 |           650 |    153990
    20300 |    1965 |     229 |           651 |    153890
    20400 |    1967 |     229 |           651 |    153790
    20500 |    1971 |     229 |           651 |    153690
    20600 |    1973 |     229 |           651 |    153590
    20700 |    1978 |     229 |           651 |    153490
    20800 |    1986 |     229 |           651 |    153390
    20900 |    1990 |     229 |           651 |    153290
    21000 |    1997 |     229 |           651 |    153190
    21100 |    1999 |     229 |           651 |    153090
    21200 |    2003 |     229 |           651 |    152990
    21300 |    2003 |     229 |           651 |    152890
    21400 |    2022 |     232 |           653 |    152790
    21500 |    2047 |     232 |           653 |    152690
    21600 |    2051 |     232 |           653 |    152590
    21700 |    2054 |     232 |           653 |    152490
    21800 |    2056 |     232 |           653 |    152390
    21900 |    2061 |     248 |           658 |    152290
    22000 |    2064 |     252 |           660 |    152190
    22100 |    2089 |     254 |           661 |    152090
    22200 |    2101 |     254 |           661 |    151990
    22300 |    2123 |     254 |           661 |    151890
    22400 |    2143 |     268 |           664 |    151790
    22500 |    2144 |     268 |           664 |    151690
    22600 |    2147 |     268 |           664 |    151590
    22700 |    2148 |     270 |           665 |    151490
    22800 |    2150 |     274 |           667 |    151390
    22900 |    2160 |     277 |           669 |    151290
    23000 |    2170 |     277 |           669 |    151190
    23100 |    2203 |     292 |           674 |    151090
    23200 |    2205 |     292 |           674 |    150990
    23300 |    2249 |     312 |           695 |    150890
    23400 |    2320 |     554 |           748 |    150790
    23500 |    2396 |     869 |           824 |    150690
    23600 |    2403 |     869 |           824 |    150590
    23700 |    2403 |     869 |           824 |    150490
    23800 |    2403 |     869 |           824 |    150390
    23900 |    2403 |     869 |           824 |    150290
    24000 |    2403 |     869 |           824 |    150190
    24100 |    2403 |     869 |           824 |    150090
    24200 |    2403 |     869 |           824 |    149990
    24300 |    2403 |     869 |           824 |    149890
    24400 |    2403 |     869 |           824 |    149790
    24500 |    2403 |     869 |           824 |    149690
    24600 |    2408 |     869 |           824 |    149590
    24700 |    2450 |     888 |           834 |    149490
    24800 |    2550 |     900 |           846 |    149390
    24900 |    2594 |     919 |           857 |    149290
    25000 |    2631 |     919 |           857 |    149190
    25100 |    2664 |     919 |           857 |    149090
    25200 |    2682 |     949 |           867 |    148990
    25300 |    2691 |     951 |           869 |    148890
    25400 |    2693 |     951 |           869 |    148790
    25500 |    2695 |     951 |           869 |    148690
    25600 |    2695 |     951 |           895 |    148590
    25700 |    2695 |     951 |           938 |    148490
    25800 |    2747 |    1170 |          1003 |    148390
    25900 |    2764 |    1170 |          1003 |    148290
    26000 |    2818 |    1170 |          1003 |    148190
    26100 |    2821 |    1170 |          1003 |    148090
    26200 |    2827 |    1170 |          1003 |    147990
    26300 |    2829 |    1170 |          1017 |    147890
    26400 |    2829 |    1170 |          1087 |    147790
    26500 |    2830 |    1170 |          1173 |    147690
    26600 |    2851 |    1176 |          1181 |    147590
    26700 |    2866 |    1177 |          1186 |    147490
    26800 |    2922 |    1179 |          1202 |    147390
    26900 |    2940 |    1181 |          1205 |    147290
    27000 |    3005 |    1188 |          1207 |    147190
    27100 |    3015 |    1188 |          1207 |    147090
    27200 |    3032 |    1188 |          1207 |    146990
    27300 |    3048 |    1188 |          1207 |    146890
    27400 |    3051 |    1188 |          1207 |    146790
    27500 |    3052 |    1188 |          1207 |    146690
    27600 |    3053 |    1188 |          1213 |    146590
    27700 |    3073 |    1189 |          1216 |    146490
    27800 |    3075 |    1189 |          1216 |    146390
    27900 |    3132 |    1189 |          1216 |    146290
    28000 |    3180 |    1189 |          1216 |    146190
    28100 |    3200 |    1189 |          1216 |    146090
    28200 |    3204 |    1189 |          1216 |    145990
    28300 |    3240 |    1189 |          1216 |    145890
    28400 |    3245 |    1189 |          1216 |    145790
    28500 |    3252 |    1189 |          1216 |    145690
    28600 |    3254 |    1189 |          1224 |    145590
    28700 |    3290 |    1192 |          1226 |    145490
    28800 |    3296 |    1192 |          1226 |    145390
    28900 |    3301 |    1192 |          1226 |    145290
    29000 |    3326 |    1192 |          1226 |    145190
    29100 |    3351 |    1192 |          1226 |    145090
    29200 |    3377 |    1192 |          1226 |    144990
    29300 |    3377 |    1192 |          1226 |    144890
    29400 |    3379 |    1194 |          1227 |    144790
    29500 |    3379 |    1194 |          1227 |    144690
    29600 |    3402 |    1194 |          1227 |    144590
    29700 |    3420 |    1195 |          1228 |    144490
    29800 |    3430 |    1195 |          1228 |    144390
    29900 |    3472 |    1199 |          1229 |    144290
    30000 |    3513 |    1199 |          1229 |    144190
    30100 |    3516 |    1199 |          1229 |    144090
    30200 |    3531 |    1201 |          1230 |    143990
    30300 |    3556 |    1201 |          1230 |    143890
    30400 |    3566 |    1201 |          1230 |    143790
    30500 |    3575 |    1201 |          1230 |    143690
    30600 |    3576 |    1201 |          1231 |    143590
    30700 |    3576 |    1201 |          1231 |    143490
    30800 |    3576 |    1201 |          1231 |    143390
    30900 |    3577 |    1203 |          1232 |    143290
    31000 |    3579 |    1205 |          1233 |    143190
    31100 |    3579 |    1205 |          1233 |    143090
    31200 |    3579 |    1205 |          1233 |    142990
    31300 |    3580 |    1207 |          1234 |    142890
    31400 |    3581 |    1209 |          1235 |    142790
    31500 |    3606 |    1209 |          1235 |    142690
    31600 |    3649 |    1221 |          1242 |    142590
    31700 |    3716 |    1223 |          1243 |    142490
    31800 |    3727 |    1223 |          1243 |    142390
    31900 |    3731 |    1223 |          1243 |    142290
    32000 |    3731 |    1223 |          1243 |    142190
    32100 |    3751 |    1224 |          1244 |    142090
    32200 |    3793 |    1227 |          1246 |    141990
    32300 |    3805 |    1227 |          1246 |    141890
    32400 |    3806 |    1227 |          1246 |    141790
    32500 |    3810 |    1227 |          1246 |    141690
    32600 |    3810 |    1227 |          1246 |    141590
    32700 |    3810 |    1227 |          1246 |    141490
    32800 |    3811 |    1229 |          1247 |    141390
    32900 |    3812 |    1231 |          1248 |    141290
    33000 |    3812 |    1231 |          1248 |    141190
    33100 |    3812 |    1231 |          1248 |    141090
    33200 |    3813 |    1231 |          1248 |    140990
    33300 |    3818 |    1231 |          1248 |    140890
    33400 |    3818 |    1231 |          1248 |    140790
    33500 |    3818 |    1231 |          1248 |    140690
    33600 |    3819 |    1233 |          1249 |    140590
    33700 |    3819 |    1233 |          1249 |    140490
    33800 |    3819 |    1233 |          1249 |    140390
    33900 |    3834 |    1233 |          1249 |    140290
    34000 |    3856 |    1233 |          1249 |    140190
    34100 |    3899 |    1233 |          1251 |    140090
    34200 |    3960 |    1298 |          1265 |    139990
    34300 |    3982 |    1315 |          1268 |    139890
    34400 |    4006 |    1315 |          1268 |    139790
    34500 |    4019 |    1315 |          1268 |    139690
    34600 |    4026 |    1315 |          1268 |    139590
    34700 |    4052 |    1315 |          1268 |    139490
    34800 |    4087 |    1328 |          1272 |    139390
    34900 |    4131 |    1329 |          1273 |    139290
    35000 |    4144 |    1329 |          1273 |    139190
    35100 |    4152 |    1329 |          1273 |    139090
    35200 |    4160 |    1329 |          1273 |    138990
    35300 |    4174 |    1331 |          1275 |    138890
    35400 |    4212 |    1337 |          1279 |    138790
    35500 |    4246 |    1342 |          1281 |    138690
    35600 |    4252 |    1342 |          1281 |    138590
    35700 |    4256 |    1342 |          1282 |    138490
    35800 |    4263 |    1342 |          1282 |    138390
    35900 |    4265 |    1342 |          1282 |    138290
    36000 |    4265 |    1342 |          1282 |    138190
    36100 |    4265 |    1342 |          1282 |    138090
    36200 |    4265 |    1342 |          1282 |    137990
    36300 |    4265 |    1342 |          1282 |    137890
    36400 |    4265 |    1342 |          1282 |    137790
    36500 |    4265 |    1342 |          1282 |    137690
    36600 |    4265 |    1342 |          1282 |    137590
    36700 |    4265 |    1342 |          1282 |    137490
    36800 |    4265 |    1342 |          1282 |    137390
    36900 |    4265 |    1342 |          1282 |    137290
    37000 |    4265 |    1342 |          1282 |    137190
    37100 |    4265 |    1342 |          1282 |    137090
    37200 |    4265 |    1342 |          1282 |    136990
    37300 |    4265 |    1342 |          1282 |    136890
    37400 |    4265 |    1342 |          1282 |    136790
    37500 |    4265 |    1342 |          1282 |    136690
    37600 |    4265 |    1342 |          1282 |    136590
    37700 |    4265 |    1342 |          1282 |    136490
    37800 |    4265 |    1342 |          1282 |    136390
    37900 |    4265 |    1342 |          1282 |    136290
    38000 |    4265 |    1342 |          1282 |    136190
    38100 |    4265 |    1342 |          1282 |    136090
    38200 |    4265 |    1342 |          1282 |    135990
    38300 |    4265 |    1342 |          1282 |    135890
    38400 |    4265 |    1342 |          1282 |    135790
    38500 |    4265 |    1342 |          1282 |    135690
    38600 |    4265 |    1342 |          1282 |    135590
    38700 |    4265 |    1342 |          1282 |    135490
    38800 |    4265 |    1342 |          1282 |    135390
    38900 |    4265 |    1342 |          1282 |    135290
    39000 |    4265 |    1342 |          1282 |    135190
    39100 |    4265 |    1342 |          1282 |    135090
    39200 |    4265 |    1342 |          1282 |    134990
    39300 |    4265 |    1342 |          1282 |    134890
    39400 |    4265 |    1342 |          1282 |    134790
    39500 |    4265 |    1342 |          1282 |    134690
    39600 |    4265 |    1342 |          1282 |    134590
    39700 |    4265 |    1342 |          1282 |    134490
    39800 |    4265 |    1342 |          1282 |    134390
    39900 |    4265 |    1342 |          1282 |    134290
    40000 |    4274 |    1342 |          1282 |    134190
    40100 |    4319 |    1349 |          1288 |    134090
    40200 |    4348 |    1349 |          1288 |    133990
    40300 |    4378 |    1349 |          1288 |    133890
    40400 |    4395 |    1351 |          1289 |    133790
    40500 |    4395 |    1351 |          1289 |    133690
    40600 |    4426 |    1351 |          1289 |    133590
    40700 |    4428 |    1351 |          1289 |    133490
    40800 |    4463 |    1409 |          1307 |    133390
    40900 |    4514 |    1563 |          1352 |    133290
    41000 |    4546 |    1563 |          1352 |    133190
    41100 |    4579 |    1564 |          1353 |    133090
    41200 |    4587 |    1564 |          1353 |    132990
    41300 |    4611 |    1564 |          1353 |    132890
    41400 |    4615 |    1564 |          1353 |    132790
    41500 |    4634 |    1564 |          1353 |    132690
    41600 |    4669 |    1564 |          1353 |    132590
    41700 |    4700 |    1565 |          1355 |    132490
    41800 |    4711 |    1565 |          1355 |    132390
    41900 |    4731 |    1565 |          1355 |    132290
    42000 |    4759 |    1567 |          1358 |    132190
    42100 |    4821 |    1567 |          1358 |    132090
    42200 |    4850 |    1567 |          1366 |    131990
    42300 |    4858 |    1567 |          1366 |    131890
    42400 |    4871 |    1569 |          1368 |    131790
    42500 |    4878 |    1569 |          1368 |    131690
    42600 |    4925 |    1569 |          1368 |    131590
    42700 |    4944 |    1569 |          1368 |    131490
    42800 |    4964 |    1569 |          1368 |    131390
    42900 |    4968 |    1570 |          1369 |    131290
    43000 |    4985 |    1570 |          1369 |    131190
    43100 |    5007 |    1573 |          1372 |    131090
    43200 |    5087 |    1573 |          1429 |    130990
    43300 |    5125 |    1588 |          1435 |    130890
    43400 |    5140 |    1591 |          1438 |    130790
    43500 |    5140 |    1591 |          1438 |    130690
    43600 |    5152 |    1591 |          1438 |    130590
    43700 |    5194 |    1591 |          1438 |    130490
    43800 |    5234 |    1591 |          1438 |    130390
    43900 |    5259 |    1591 |          1438 |    130290
    44000 |    5259 |    1591 |          1438 |    130190
    44100 |    5268 |    1592 |          1439 |    130090
    44200 |    5291 |    1592 |          1439 |    129990
    44300 |    5352 |    1593 |          1504 |    129890
    44400 |    5411 |    1596 |          1506 |    129790
    44500 |    5414 |    1596 |          1506 |    129690
    44600 |    5430 |    1597 |          1507 |    129590
    44700 |    5437 |    1599 |          1509 |    129490
    44800 |    5471 |    1599 |          1509 |    129390
    44900 |    5503 |    1599 |          1509 |    129290
    45000 |    5535 |    1599 |          1509 |    129190
    45100 |    5542 |    1599 |          1509 |    129090
    45200 |    5552 |    1599 |          1509 |    128990
    45300 |    5555 |    1599 |          1509 |    128890
    45400 |    5558 |    1599 |          1509 |    128790
    45500 |    5633 |    1599 |          1553 |    128690
    45600 |    5681 |    1600 |          1555 |    128590
    45700 |    5750 |    1610 |          1558 |    128490
    45800 |    5767 |    1610 |          1558 |    128390
    45900 |    5794 |    1610 |          1558 |    128290
    46000 |    5835 |    1610 |          1558 |    128190
    46100 |    5856 |    1610 |          1558 |    128090
    46200 |    5887 |    1610 |          1558 |    127990
    46300 |    5887 |    1616 |          1559 |    127890
    46400 |    5887 |    1616 |          1559 |    127790
    46500 |    5919 |    1617 |          1562 |    127690
    46600 |    5974 |    1617 |          1562 |    127590
    46700 |    5995 |    1617 |          1562 |    127490
    46800 |    6041 |    1617 |          1562 |    127390
    46900 |    6076 |    1624 |          1564 |    127290
    47000 |    6093 |    1624 |          1564 |    127190
    47100 |    6121 |    1624 |          1564 |    127090
    47200 |    6162 |    1626 |          1566 |    126990
    47300 |    6175 |    1626 |          1566 |    126890
    47400 |    6199 |    1626 |          1567 |    126790
    47500 |    6229 |    1626 |          1567 |    126690
    47600 |    6229 |    1626 |          1567 |    126590
    47700 |    6229 |    1626 |          1567 |    126490
    47800 |    6263 |    1628 |          1571 |    126390
    47900 |    6292 |    1628 |          1571 |    126290
    48000 |    6300 |    1628 |          1620 |    126190
    48100 |    6312 |    1628 |          1632 |    126090
    48200 |    6328 |    1628 |          1632 |    125990
    48300 |    6403 |    1628 |          1632 |    125890
    48400 |    6437 |    1632 |          1633 |    125790
    48500 |    6461 |    1632 |          1633 |    125690
    48600 |    6472 |    1632 |          1633 |    125590
    48700 |    6508 |    1632 |          1633 |    125490
    48800 |    6552 |    1634 |          1635 |    125390
    48900 |    6576 |    1634 |          1635 |    125290
    49000 |    6576 |    1634 |          1635 |    125190
    49100 |    6610 |    1634 |          1635 |    125090
    49200 |    6610 |    1634 |          1635 |    124990
    49300 |    6610 |    1634 |          1635 |    124890
    49400 |    6643 |    1637 |          1644 |    124790
    49500 |    6686 |    1637 |          1644 |    124690
    49600 |    6700 |    1637 |          1652 |    124590
    49700 |    6751 |    1637 |          1652 |    124490
    49800 |    6805 |    1637 |          1652 |    124390
    49900 |    6878 |    1645 |          1653 |    124290
    50000 |    6886 |    1645 |          1653 |    124190
    50100 |    6899 |    1645 |          1653 |    124090
    50200 |    6912 |    1645 |          1653 |    123990
    50300 |    6946 |    1645 |          1653 |    123890
    50400 |    6981 |    1645 |          1653 |    123790
    50500 |    7028 |    1649 |          1655 |    123690
    50600 |    7049 |    1652 |          1656 |    123590
    50700 |    7055 |    1652 |          1656 |    123490
    50800 |    7079 |    1652 |          1656 |    123390
    50900 |    7079 |    1652 |          1656 |    123290
    51000 |    7079 |    1652 |          1656 |    123190
    51100 |    7084 |    1652 |          1656 |    123090
    51200 |    7120 |    1653 |          1667 |    122990
    51300 |    7139 |    1653 |          1667 |    122890
    51400 |    7170 |    1653 |          1669 |    122790
    51500 |    7191 |    1657 |          1676 |    122690
    51600 |    7258 |    1686 |          1696 |    122590
    51700 |    7296 |    1702 |          1712 |    122490
    51800 |    7300 |    1702 |          1712 |    122390
    51900 |    7304 |    1702 |          1712 |    122290
    52000 |    7309 |    1702 |          1712 |    122190
    52100 |    7315 |    1702 |          1712 |    122090
    52200 |    7321 |    1702 |          1712 |    121990
    52300 |    7342 |    1702 |          1712 |    121890
    52400 |    7370 |    1703 |          1713 |    121790
    52500 |    7401 |    1709 |          1716 |    121690
    52600 |    7403 |    1709 |          1717 |    121590
    52700 |    7446 |    1713 |          1718 |    121490
    52800 |    7457 |    1713 |          1718 |    121390
    52900 |    7457 |    1715 |          1720 |    121290
    53000 |    7457 |    1715 |          1720 |    121190
    53100 |    7475 |    1715 |          1720 |    121090
    53200 |    7494 |    1716 |          1728 |    120990
    53300 |    7525 |    1716 |          1728 |    120890
    53400 |    7565 |    1716 |          1728 |    120790
    53500 |    7585 |    1716 |          1737 |    120690
    53600 |    7600 |    1716 |          1737 |    120590
    53700 |    7674 |    1716 |          1737 |    120490
    53800 |    7731 |    1716 |          1737 |    120390
    53900 |    7780 |    1716 |          1737 |    120290
    54000 |    7807 |    1717 |          1738 |    120190
    54100 |    7859 |    1717 |          1790 |    120090
    54200 |    7885 |    1717 |          1817 |    119990
    54300 |    7886 |    1717 |          1818 |    119890
    54400 |    7941 |    1717 |          1818 |    119790
    54500 |    7963 |    1718 |          1819 |    119690
    54600 |    8008 |    1719 |          1820 |    119590
    54700 |    8030 |    1719 |          1820 |    119490
    54800 |    8034 |    1719 |          1820 |    119390
    54900 |    8048 |    1720 |          1821 |    119290
    55000 |    8127 |    1720 |          1821 |    119190
    55100 |    8127 |    1720 |          1821 |    119090
    55200 |    8127 |    1721 |          1822 |    118990
    55300 |    8127 |    1721 |          1822 |    118890
    55400 |    8141 |    1721 |          1822 |    118790
    55500 |    8172 |    1723 |          1828 |    118690
    55600 |    8213 |    1723 |          1828 |    118590
    55700 |    8250 |    1723 |          1828 |    118490
    55800 |    8280 |    1723 |          1830 |    118390
    55900 |    8297 |    1723 |          1830 |    118290
    56000 |    8304 |    1723 |          1830 |    118190
    56100 |    8328 |    1731 |          1839 |    118090
    56200 |    8328 |    1731 |          1839 |    117990
    56300 |    8328 |    1731 |          1839 |    117890
    56400 |    8345 |    1731 |          1881 |    117790
    56500 |    8396 |    1731 |          1971 |    117690
    56600 |    8433 |    1731 |          2062 |    117590
    56700 |    8445 |    1731 |          2152 |    117490
    56800 |    8495 |    1731 |          2201 |    117390
    56900 |    8549 |    1731 |          2201 |    117290
    57000 |    8621 |    1731 |          2201 |    117190
    57100 |    8690 |    1731 |          2201 |    117090
    57200 |    8722 |    1731 |          2201 |    116990
    57300 |    8737 |    1733 |          2202 |    116890
    57400 |    8737 |    1733 |          2220 |    116790
    57500 |    8769 |    1772 |          2267 |    116690
    57600 |    8816 |    1775 |          2271 |    116590
    57700 |    8859 |    1783 |          2273 |    116490
    57800 |    8878 |    1783 |          2273 |    116390
    57900 |    8935 |    1783 |          2273 |    116290
    58000 |    9021 |    1783 |          2283 |    116190
    58100 |    9021 |    1783 |          2383 |    116090
    58200 |    9021 |    1783 |          2401 |    115990
    58300 |    9024 |    1783 |          2401 |    115890
    58400 |    9025 |    1783 |          2401 |    115790
    58500 |    9070 |    1783 |          2406 |    115690
    58600 |    9152 |    1786 |          2440 |    115590
    58700 |    9169 |    1786 |          2464 |    115490
    58800 |    9187 |    1786 |          2465 |    115390
    58900 |    9187 |    1786 |          2465 |    115290
    59000 |    9187 |    1786 |          2465 |    115190
    59100 |    9187 |    1786 |          2465 |    115090
    59200 |    9187 |    1786 |          2465 |    114990
    59300 |    9199 |    1786 |          2466 |    114890
    59400 |    9202 |    1786 |          2466 |    114790
    59500 |    9212 |    1786 |          2466 |    114690
    59600 |    9246 |    1786 |          2466 |    114590
    59700 |    9293 |    1786 |          2466 |    114490
    59800 |    9297 |    1786 |          2466 |    114390
    59900 |    9320 |    1786 |          2467 |    114290
    60000 |    9337 |    1786 |          2467 |    114190
    60100 |    9337 |    1786 |          2467 |    114090
    60200 |    9337 |    1786 |          2467 |    113990
    60300 |    9343 |    1786 |          2481 |    113890
    60400 |    9400 |    1786 |          2571 |    113790
    60500 |    9486 |    1786 |          2661 |    113690
    60600 |    9552 |    1786 |          2751 |    113590
    60700 |    9597 |    1786 |          2829 |    113490
    60800 |    9597 |    1786 |          2829 |    113390
    60900 |    9597 |    1786 |          2829 |    113290
    61000 |    9613 |    1788 |          2830 |    113190
    61100 |    9650 |    1788 |          2830 |    113090
    61200 |    9651 |    1788 |          2830 |    112990
    61300 |    9654 |    1788 |          2836 |    112890
    61400 |    9666 |    1804 |          2926 |    112790
    61500 |    9691 |    1825 |          2946 |    112690
    61600 |    9738 |    1826 |          2947 |    112590
    61700 |    9794 |    1830 |          2951 |    112490
    61800 |    9842 |    1835 |          2956 |    112390
    61900 |    9882 |    1835 |          2956 |    112290
    62000 |    9888 |    1836 |          2957 |    112190
    62100 |    9896 |    1836 |          3007 |    112090
    62200 |    9898 |    1836 |          3087 |    111990
    62300 |    9900 |    1836 |          3130 |    111890
    62400 |    9900 |    1836 |          3226 |    111790
    62500 |    9901 |    1836 |          3324 |    111690
    62600 |    9902 |    1836 |          3416 |    111590
    62700 |    9902 |    1836 |          3515 |    111490
    62800 |    9966 |    1836 |          3515 |    111390
    62900 |    9970 |    1839 |          3517 |    111290
    63000 |    9981 |    1839 |          3518 |    111190
    63100 |    9981 |    1839 |          3518 |    111090
    63200 |    9981 |    1839 |          3518 |    110990
    63300 |    9981 |    1839 |          3518 |    110890
    63400 |    9981 |    1839 |          3518 |    110790
    63500 |    9981 |    1839 |          3518 |    110690
    63600 |    9984 |    1839 |          3518 |    110590
    63700 |    9992 |    1839 |          3518 |    110490
    63800 |   10014 |    1839 |          3518 |    110390
    63900 |   10051 |    1839 |          3518 |    110290
    64000 |   10075 |    1839 |          3518 |    110190
    64100 |   10075 |    1839 |          3518 |    110090
    64200 |   10093 |    1839 |          3520 |    109990
    64300 |   10101 |    1839 |          3520 |    109890
    64400 |   10133 |    1839 |          3521 |    109790
    64500 |   10170 |    1839 |          3521 |    109690
    64600 |   10189 |    1839 |          3526 |    109590
    64700 |   10189 |    1839 |          3526 |    109490
    64800 |   10189 |    1839 |          3526 |    109390
    64900 |   10231 |    1839 |          3567 |    109290
    65000 |   10317 |    1839 |          3657 |    109190
    65100 |   10408 |    1839 |          3748 |    109090
    65200 |   10488 |    1839 |          3838 |    108990
    65300 |   10535 |    1839 |          3889 |    108890
    65400 |   10535 |    1839 |          3918 |    108790
    65500 |   10535 |    1839 |          3939 |    108690
    65600 |   10569 |    1839 |          3939 |    108590
    65700 |   10610 |    1839 |          3939 |    108490
    65800 |   10610 |    1839 |          3939 |    108390
    65900 |   10611 |    1839 |          3939 |    108290
    66000 |   10649 |    1839 |          3949 |    108190
    66100 |   10688 |    1839 |          3949 |    108090
    66200 |   10726 |    1839 |          3949 |    107990
    66300 |   10764 |    1840 |          3950 |    107890
    66400 |   10816 |    1842 |          3951 |    107790
    66500 |   10870 |    1842 |          3951 |    107690
    66600 |   10870 |    1843 |          3952 |    107590
    66700 |   10916 |    1863 |          3972 |    107490
    66800 |   10957 |    1865 |          4009 |    107390
    66900 |   11054 |    1865 |          4104 |    107290
    67000 |   11056 |    1865 |          4105 |    107190
    67100 |   11058 |    1865 |          4150 |    107090
    67200 |   11062 |    1868 |          4242 |    106990
    67300 |   11097 |    1899 |          4311 |    106890
    67400 |   11103 |    1904 |          4369 |    106790
    67500 |   11108 |    1907 |          4371 |    106690
    67600 |   11110 |    1907 |          4371 |    106590
    67700 |   11135 |    1907 |          4371 |    106490
    67800 |   11137 |    1907 |          4371 |    106390
    67900 |   11137 |    1907 |          4371 |    106290
    68000 |   11137 |    1907 |          4371 |    106190
    68100 |   11137 |    1907 |          4371 |    106090
    68200 |   11137 |    1907 |          4371 |    105990
    68300 |   11137 |    1907 |          4371 |    105890
    68400 |   11137 |    1907 |          4371 |    105790
    68500 |   11137 |    1907 |          4371 |    105690
    68600 |   11139 |    1907 |          4371 |    105590
    68700 |   11158 |    1908 |          4372 |    105490
    68800 |   11170 |    1908 |          4372 |    105390
    68900 |   11204 |    1908 |          4372 |    105290
    69000 |   11233 |    1908 |          4372 |    105190
    69100 |   11235 |    1908 |          4372 |    105090
    69200 |   11255 |    1908 |          4372 |    104990
    69300 |   11261 |    1909 |          4373 |    104890
    69400 |   11283 |    1911 |          4374 |    104790
    69500 |   11341 |    1917 |          4375 |    104690
    69600 |   11356 |    1917 |          4377 |    104590
    69700 |   11360 |    1920 |          4379 |    104490
    69800 |   11360 |    1920 |          4379 |    104390
    69900 |   11366 |    1920 |          4385 |    104290
    70000 |   11369 |    1920 |          4476 |    104190
    70100 |   11386 |    1920 |          4566 |    104090
    70200 |   11387 |    1920 |          4656 |    103990
    70300 |   11387 |    1920 |          4742 |    103890
    70400 |   11387 |    1920 |          4750 |    103790
    70500 |   11387 |    1920 |          4792 |    103690
    70600 |   11391 |    1920 |          4792 |    103590
    70700 |   11436 |    1920 |          4792 |    103490
    70800 |   11450 |    1920 |          4792 |    103390
    70900 |   11450 |    1920 |          4792 |    103290
    71000 |   11450 |    1920 |          4792 |    103190
    71100 |   11475 |    1920 |          4794 |    103090
    71200 |   11505 |    1920 |          4794 |    102990
    71300 |   11533 |    1920 |          4794 |    102890
    71400 |   11563 |    1920 |          4795 |    102790
    71500 |   11593 |    1920 |          4795 |    102690
    71600 |   11629 |    1920 |          4795 |    102590
    71700 |   11690 |    1921 |          4796 |    102490
    71800 |   11713 |    1921 |          4796 |    102390
    71900 |   11721 |    1921 |          4796 |    102290
    72000 |   11755 |    1926 |          4801 |    102190
    72100 |   11767 |    1932 |          4858 |    102090
    72200 |   11767 |    1932 |          4934 |    101990
    72300 |   11769 |    1933 |          4978 |    101890
    72400 |   11788 |    1957 |          5000 |    101790
    72500 |   11811 |    1962 |          5003 |    101690
    72600 |   11826 |    1963 |          5004 |    101590
    72700 |   11832 |    1965 |          5007 |    101490
    72800 |   11835 |    1965 |          5007 |    101390
    72900 |   11835 |    1965 |          5007 |    101290
    73000 |   11835 |    1965 |          5007 |    101190
    73100 |   11835 |    1965 |          5007 |    101090
    73200 |   11835 |    1965 |          5007 |    100990
    73300 |   11835 |    1965 |          5007 |    100890
    73400 |   11835 |    1965 |          5007 |    100790
    73500 |   11835 |    1965 |          5007 |    100690
    73600 |   11835 |    1965 |          5007 |    100590
    73700 |   11835 |    1965 |          5007 |    100490
    73800 |   11842 |    1965 |          5007 |    100390
    73900 |   11857 |    1968 |          5010 |    100290
    74000 |   11866 |    1968 |          5010 |    100190
    74100 |   11891 |    1968 |          5010 |    100090
    74200 |   11920 |    1968 |          5010 |     99990
    74300 |   11936 |    1968 |          5010 |     99890
    74400 |   11936 |    1968 |          5010 |     99790
    74500 |   11956 |    1969 |          5011 |     99690
    74600 |   11967 |    1969 |          5011 |     99590
    74700 |   11984 |    1969 |          5011 |     99490
    74800 |   12008 |    1969 |          5012 |     99390
    74900 |   12037 |    1969 |          5012 |     99290
    75000 |   12066 |    1975 |          5013 |     99190
    75100 |   12096 |    1975 |          5027 |     99090
    75200 |   12149 |    1975 |          5053 |     98990
    75300 |   12150 |    1975 |          5053 |     98890
    75400 |   12150 |    1975 |          5053 |     98790
    75500 |   12170 |    1975 |          5118 |     98690
    75600 |   12224 |    1975 |          5218 |     98590
    75700 |   12280 |    1975 |          5318 |     98490
    75800 |   12335 |    1975 |          5418 |     98390
    75900 |   12361 |    1975 |          5518 |     98290
    76000 |   12363 |    1975 |          5618 |     98190
    76100 |   12365 |    1975 |          5718 |     98090
    76200 |   12381 |    1975 |          5777 |     97990
    76300 |   12430 |    1975 |          5777 |     97890
    76400 |   12455 |    1975 |          5777 |     97790
    76500 |   12455 |    1975 |          5777 |     97690
    76600 |   12512 |    1975 |          5777 |     97590
    76700 |   12512 |    1975 |          5777 |     97490
    76800 |   12512 |    1975 |          5873 |     97390
    76900 |   12516 |    1975 |          5943 |     97290
    77000 |   12516 |    1975 |          5943 |     97190
    77100 |   12516 |    1975 |          5943 |     97090
    77200 |   12516 |    1975 |          5943 |     96990
    77300 |   12516 |    1975 |          5943 |     96890
    77400 |   12516 |    1975 |          5943 |     96790
    77500 |   12516 |    1975 |          5943 |     96690
    77600 |   12516 |    1975 |          5943 |     96590
    77700 |   12516 |    1975 |          5943 |     96490
    77800 |   12516 |    1975 |          5943 |     96390
    77900 |   12543 |    1983 |          5944 |     96290
    78000 |   12572 |    1983 |          5945 |     96190
    78100 |   12600 |    1983 |          5945 |     96090
    78200 |   12617 |    1983 |          5945 |     95990
    78300 |   12643 |    1983 |          5945 |     95890
    78400 |   12676 |    1983 |          5945 |     95790
    78500 |   12722 |    1983 |          5946 |     95690
    78600 |   12760 |    1983 |          5946 |     95590
    78700 |   12801 |    1983 |          5947 |     95490
    78800 |   12829 |    1983 |          5947 |     95390
    78900 |   12841 |    1988 |          5948 |     95290
    79000 |   12841 |    1988 |          5948 |     95190
    79100 |   12841 |    1988 |          6013 |     95090
    79200 |   12842 |    1989 |          6014 |     94990
    79300 |   12869 |    1994 |          6039 |     94890
    79400 |   12952 |    2024 |          6138 |     94790
    79500 |   12999 |    2027 |          6146 |     94690
    79600 |   13005 |    2027 |          6246 |     94590
    79700 |   13044 |    2027 |          6336 |     94490
    79800 |   13071 |    2030 |          6359 |     94390
    79900 |   13074 |    2030 |          6360 |     94290
    80000 |   13098 |    2031 |          6367 |     94190
    80100 |   13098 |    2031 |          6367 |     94090
    80200 |   13098 |    2032 |          6368 |     93990
    80300 |   13098 |    2033 |          6369 |     93890
    80400 |   13098 |    2033 |          6369 |     93790
    80500 |   13098 |    2033 |          6369 |     93690
    80600 |   13098 |    2033 |          6369 |     93590
    80700 |   13098 |    2033 |          6369 |     93490
    80800 |   13098 |    2033 |          6369 |     93390
    80900 |   13098 |    2033 |          6369 |     93290
    81000 |   13098 |    2033 |          6369 |     93190
    81100 |   13098 |    2033 |          6369 |     93090
    81200 |   13098 |    2033 |          6369 |     92990
    81300 |   13098 |    2033 |          6369 |     92890
    81400 |   13098 |    2033 |          6369 |     92790
    81500 |   13098 |    2033 |          6369 |     92690
    81600 |   13098 |    2033 |          6369 |     92590
    81700 |   13098 |    2033 |          6369 |     92490
    81800 |   13106 |    2033 |          6369 |     92390
    81900 |   13127 |    2033 |          6369 |     92290
    82000 |   13158 |    2033 |          6369 |     92190
    82100 |   13171 |    2033 |          6369 |     92090
    82200 |   13171 |    2033 |          6369 |     91990
    82300 |   13214 |    2033 |          6369 |     91890
    82400 |   13314 |    2033 |          6369 |     91790
    82500 |   13322 |    2033 |          6369 |     91690
    82600 |   13354 |    2039 |          6372 |     91590
    82700 |   13373 |    2039 |          6372 |     91490
    82800 |   13431 |    2084 |          6401 |     91390
    82900 |   13478 |    2119 |          6436 |     91290
    83000 |   13494 |    2119 |          6436 |     91190
    83100 |   13516 |    2120 |          6437 |     91090
    83200 |   13533 |    2120 |          6445 |     90990
    83300 |   13565 |    2120 |          6446 |     90890
    83400 |   13598 |    2120 |          6447 |     90790
    83500 |   13599 |    2120 |          6447 |     90690
    83600 |   13599 |    2120 |          6447 |     90590
    83700 |   13601 |    2120 |          6447 |     90490
    83800 |   13606 |    2120 |          6483 |     90390
    83900 |   13606 |    2120 |          6494 |     90290
    84000 |   13606 |    2120 |          6505 |     90190
    84100 |   13606 |    2120 |          6515 |     90090
    84200 |   13607 |    2135 |          6577 |     89990
    84300 |   13614 |    2135 |          6677 |     89890
    84400 |   13617 |    2135 |          6777 |     89790
    84500 |   13634 |    2135 |          6810 |     89690
    84600 |   13658 |    2135 |          6810 |     89590
    84700 |   13687 |    2135 |          6810 |     89490
    84800 |   13719 |    2135 |          6810 |     89390
    84900 |   13750 |    2135 |          6810 |     89290
    85000 |   13762 |    2135 |          6810 |     89190
    85100 |   13849 |    2135 |          6810 |     89090
    85200 |   13851 |    2135 |          6810 |     88990
    85300 |   13851 |    2135 |          6810 |     88890
    85400 |   13851 |    2135 |          6886 |     88790
    85500 |   13852 |    2135 |          6976 |     88690
    85600 |   13883 |    2159 |          6984 |     88590
    85700 |   13907 |    2159 |          6984 |     88490
    85800 |   13921 |    2159 |          6984 |     88390
    85900 |   13938 |    2159 |          6984 |     88290
    86000 |   13957 |    2159 |          6985 |     88190
    86100 |   13972 |    2159 |          6986 |     88090
    86200 |   13991 |    2159 |          6986 |     87990
    86300 |   13998 |    2159 |          6986 |     87890
    86400 |   14025 |    2159 |          6986 |     87790
    86500 |   14040 |    2159 |          6986 |     87690
    86600 |   14054 |    2159 |          6986 |     87590
    86700 |   14090 |    2159 |          6986 |     87490
    86800 |   14128 |    2159 |          6986 |     87390
    86900 |   14150 |    2165 |          6988 |     87290
    87000 |   14152 |    2165 |          6988 |     87190
    87100 |   14160 |    2183 |          6994 |     87090
    87200 |   14160 |    2183 |          6994 |     86990
    87300 |   14194 |    2183 |          6994 |     86890
    87400 |   14256 |    2183 |          6994 |     86790
    87500 |   14295 |    2186 |          6995 |     86690
    87600 |   14295 |    2186 |          6995 |     86590
    87700 |   14319 |    2192 |          6997 |     86490
    87800 |   14319 |    2192 |          6997 |     86390
    87900 |   14319 |    2192 |          6997 |     86290
    88000 |   14319 |    2192 |          6997 |     86190
    88100 |   14323 |    2193 |          6998 |     86090
    88200 |   14343 |    2193 |          6998 |     85990
    88300 |   14361 |    2193 |          6998 |     85890
    88400 |   14390 |    2193 |          6998 |     85790
    88500 |   14409 |    2193 |          6998 |     85690
    88600 |   14424 |    2193 |          6998 |     85590
    88700 |   14424 |    2193 |          7098 |     85490
    88800 |   14457 |    2193 |          7128 |     85390
    88900 |   14465 |    2193 |          7128 |     85290
    89000 |   14470 |    2193 |          7128 |     85190
    89100 |   14491 |    2193 |          7128 |     85090
    89200 |   14492 |    2193 |          7128 |     84990
    89300 |   14492 |    2193 |          7128 |     84890
    89400 |   14492 |    2193 |          7128 |     84790
    89500 |   14492 |    2193 |          7128 |     84690
    89600 |   14492 |    2193 |          7128 |     84590
    89700 |   14492 |    2193 |          7128 |     84490
    89800 |   14492 |    2193 |          7128 |     84390
    89900 |   14492 |    2193 |          7128 |     84290
    90000 |   14492 |    2193 |          7128 |     84190
    90100 |   14492 |    2193 |          7128 |     84090
    90200 |   14492 |    2193 |          7128 |     83990
    90300 |   14492 |    2193 |          7128 |     83890
    90400 |   14492 |    2193 |          7128 |     83790
    90500 |   14492 |    2193 |          7128 |     83690
    90600 |   14525 |    2193 |          7132 |     83590
    90700 |   14564 |    2193 |          7133 |     83490
    90800 |   14589 |    2194 |          7134 |     83390
    90900 |   14635 |    2194 |          7134 |     83290
    91000 |   14691 |    2194 |          7139 |     83190
    91100 |   14775 |    2292 |          7205 |     83090
    91200 |   14806 |    2314 |          7255 |     82990
    91300 |   14830 |    2314 |          7257 |     82890
    91400 |   14845 |    2314 |          7257 |     82790
    91500 |   14856 |    2314 |          7257 |     82690
    91600 |   14869 |    2314 |          7257 |     82590
    91700 |   14879 |    2314 |          7257 |     82490
    91800 |   14888 |    2314 |          7257 |     82390
    91900 |   14889 |    2314 |          7354 |     82290
    92000 |   14889 |    2314 |          7454 |     82190
    92100 |   14889 |    2314 |          7554 |     82090
    92200 |   14889 |    2314 |          7654 |     81990
    92300 |   14889 |    2314 |          7754 |     81890
    92400 |   14889 |    2314 |          7854 |     81790
    92500 |   14889 |    2314 |          7954 |     81690
    92600 |   14893 |    2338 |          8054 |     81590
    92700 |   14894 |    2350 |          8154 |     81490
    92800 |   14894 |    2350 |          8254 |     81390
    92900 |   14897 |    2350 |          8348 |     81290
    93000 |   14935 |    2350 |          8348 |     81190
    93100 |   14961 |    2350 |          8348 |     81090
    93200 |   14992 |    2350 |          8348 |     80990
    93300 |   15029 |    2350 |          8348 |     80890
    93400 |   15064 |    2350 |          8348 |     80790
    93500 |   15101 |    2350 |          8348 |     80690
    93600 |   15138 |    2350 |          8348 |     80590
    93700 |   15168 |    2350 |          8348 |     80490
    93800 |   15210 |    2350 |          8348 |     80390
    93900 |   15242 |    2350 |          8348 |     80290
    94000 |   15270 |    2350 |          8348 |     80190
    94100 |   15303 |    2350 |          8348 |     80090
    94200 |   15333 |    2350 |          8348 |     79990
    94300 |   15357 |    2350 |          8348 |     79890
    94400 |   15357 |    2350 |          8438 |     79790
    94500 |   15357 |    2350 |          8514 |     79690
    94600 |   15368 |    2350 |          8514 |     79590
    94700 |   15397 |    2350 |          8515 |     79490
    94800 |   15425 |    2350 |          8517 |     79390
    94900 |   15455 |    2350 |          8517 |     79290
    95000 |   15488 |    2350 |          8518 |     79190
    95100 |   15521 |    2350 |          8520 |     79090
    95200 |   15552 |    2350 |          8521 |     78990
    95300 |   15585 |    2350 |          8523 |     78890
    95400 |   15616 |    2350 |          8525 |     78790
    95500 |   15636 |    2350 |          8525 |     78690
    95600 |   15658 |    2350 |          8526 |     78590
    95700 |   15695 |    2350 |          8527 |     78490
    95800 |   15720 |    2350 |          8527 |     78390
    95900 |   15746 |    2350 |          8530 |     78290
    96000 |   15767 |    2350 |          8531 |     78190
    96100 |   15804 |    2350 |          8533 |     78090
    96200 |   15833 |    2350 |          8535 |     77990
    96300 |   15864 |    2350 |          8536 |     77890
    96400 |   15894 |    2350 |          8538 |     77790
    96500 |   15928 |    2350 |          8539 |     77690
    96600 |   15968 |    2350 |          8540 |     77590
    96700 |   16004 |    2350 |          8541 |     77490
    96800 |   16030 |    2350 |          8542 |     77390
    96900 |   16063 |    2350 |          8543 |     77290
    97000 |   16090 |    2350 |          8544 |     77190
    97100 |   16119 |    2350 |          8546 |     77090
    97200 |   16146 |    2350 |          8546 |     76990
    97300 |   16169 |    2350 |          8546 |     76890
    97400 |   16193 |    2350 |          8546 |     76790
    97500 |   16237 |    2350 |          8546 |     76690
    97600 |   16260 |    2350 |          8546 |     76590
    97700 |   16271 |    2353 |          8557 |     76490
    97800 |   16303 |    2353 |          8651 |     76390
    97900 |   16347 |    2354 |          8751 |     76290
    98000 |   16374 |    2356 |          8822 |     76190
    98100 |   16409 |    2356 |          8822 |     76090
    98200 |   16435 |    2357 |          8823 |     75990
    98300 |   16435 |    2357 |          8823 |     75890
    98400 |   16438 |    2357 |          8823 |     75790
    98500 |   16440 |    2357 |          8823 |     75690
    98600 |   16443 |    2357 |          8823 |     75590
    98700 |   16476 |    2357 |          8823 |     75490
    98800 |   16513 |    2394 |          8833 |     75390
    98900 |   16513 |    2395 |          8834 |     75290
    99000 |   16513 |    2395 |          8834 |     75190
    99100 |   16513 |    2395 |          8834 |     75090
    99200 |   16513 |    2395 |          8834 |     74990
    99300 |   16513 |    2395 |          8834 |     74890
    99400 |   16513 |    2395 |          8834 |     74790
    99500 |   16513 |    2395 |          8834 |     74690
    99600 |   16513 |    2395 |          8834 |     74590
    99700 |   16513 |    2395 |          8834 |     74490
    99800 |   16513 |    2395 |          8834 |     74390
    99900 |   16513 |    2395 |          8834 |     74290
   100000 |   16513 |    2395 |          8834 |     74190
   100100 |   16513 |    2395 |          8834 |     74090
   100200 |   16513 |    2395 |          8834 |     73990
   100300 |   16513 |    2395 |          8834 |     73890
   100400 |   16513 |    2395 |          8834 |     73790
   100500 |   16513 |    2395 |          8834 |     73690
   100600 |   16513 |    2395 |          8834 |     73590
   100700 |   16587 |    2401 |          8839 |     73490
   100800 |   16627 |    2401 |          8839 |     73390
   100900 |   16648 |    2401 |          8839 |     73290
   101000 |   16661 |    2402 |          8840 |     73190
   101100 |   16664 |    2402 |          8906 |     73090
   101200 |   16675 |    2402 |          8970 |     72990
   101300 |   16724 |    2402 |          9011 |     72890
   101400 |   16778 |    2402 |          9090 |     72790
   101500 |   16793 |    2402 |          9090 |     72690
   101600 |   16799 |    2402 |          9091 |     72590
   101700 |   16799 |    2402 |          9091 |     72490
   101800 |   16799 |    2402 |          9091 |     72390
   101900 |   16799 |    2402 |          9091 |     72290
   102000 |   16799 |    2402 |          9091 |     72190
   102100 |   16799 |    2402 |          9091 |     72090
   102200 |   16799 |    2402 |          9091 |     71990
   102300 |   16799 |    2402 |          9091 |     71890
   102400 |   16799 |    2402 |          9091 |     71790
   102500 |   16799 |    2402 |          9091 |     71690
   102600 |   16799 |    2402 |          9091 |     71590
   102700 |   16802 |    2402 |          9092 |     71490
   102800 |   16837 |    2403 |          9093 |     71390
   102900 |   16861 |    2403 |          9093 |     71290
   103000 |   16930 |    2403 |          9093 |     71190
   103100 |   16990 |    2403 |          9093 |     71090
   103200 |   17049 |    2403 |          9093 |     70990
   103300 |   17103 |    2403 |          9093 |     70890
   103400 |   17159 |    2403 |          9093 |     70790
   103500 |   17236 |    2408 |          9095 |     70690
   103600 |   17282 |    2427 |          9103 |     70590
   103700 |   17353 |    2433 |          9104 |     70490
   103800 |   17420 |    2433 |          9104 |     70390
   103900 |   17496 |    2433 |          9104 |     70290
   104000 |   17538 |    2433 |          9153 |     70190
   104100 |   17538 |    2433 |          9252 |     70090
   104200 |   17543 |    2470 |          9352 |     69990
   104300 |   17543 |    2470 |          9452 |     69890
   104400 |   17543 |    2470 |          9549 |     69790
   104500 |   17543 |    2470 |          9644 |     69690
   104600 |   17543 |    2470 |          9717 |     69590
   104700 |   17544 |    2471 |          9812 |     69490
   104800 |   17544 |    2471 |          9912 |     69390
   104900 |   17544 |    2471 |         10012 |     69290
   105000 |   17550 |    2471 |         10094 |     69190
   105100 |   17586 |    2471 |         10094 |     69090
   105200 |   17607 |    2471 |         10094 |     68990
   105300 |   17636 |    2471 |         10094 |     68890
   105400 |   17666 |    2471 |         10094 |     68790
   105500 |   17691 |    2471 |         10094 |     68690
   105600 |   17725 |    2474 |         10096 |     68590
   105700 |   17779 |    2474 |         10096 |     68490
   105800 |   17815 |    2474 |         10096 |     68390
   105900 |   17860 |    2474 |         10096 |     68290
   106000 |   17915 |    2474 |         10096 |     68190
   106100 |   17952 |    2480 |         10099 |     68090
   106200 |   17996 |    2489 |         10106 |     67990
   106300 |   18019 |    2489 |         10106 |     67890
   106400 |   18042 |    2489 |         10106 |     67790
   106500 |   18057 |    2489 |         10106 |     67690
   106600 |   18069 |    2489 |         10106 |     67590
   106700 |   18078 |    2490 |         10108 |     67490
   106800 |   18078 |    2490 |         10108 |     67390
   106900 |   18078 |    2490 |         10108 |     67290
   107000 |   18078 |    2490 |         10108 |     67190
   107100 |   18078 |    2490 |         10108 |     67090
   107200 |   18078 |    2490 |         10108 |     66990
   107300 |   18093 |    2491 |         10112 |     66890
   107400 |   18108 |    2491 |         10118 |     66790
   107500 |   18121 |    2491 |         10123 |     66690
   107600 |   18133 |    2491 |         10129 |     66590
   107700 |   18153 |    2491 |         10139 |     66490
   107800 |   18167 |    2491 |         10145 |     66390
   107900 |   18199 |    2491 |         10152 |     66290
   108000 |   18236 |    2492 |         10158 |     66190
   108100 |   18318 |    2528 |         10191 |     66090
   108200 |   18366 |    2542 |         10203 |     65990
   108300 |   18380 |    2542 |         10203 |     65890
   108400 |   18421 |    2542 |         10203 |     65790
   108500 |   18435 |    2542 |         10203 |     65690
   108600 |   18435 |    2542 |         10203 |     65590
   108700 |   18468 |    2542 |         10203 |     65490
   108800 |   18492 |    2543 |         10204 |     65390
   108900 |   18509 |    2543 |         10297 |     65290
   109000 |   18514 |    2543 |         10390 |     65190
   109100 |   18516 |    2543 |         10488 |     65090
   109200 |   18532 |    2565 |         10535 |     64990
   109300 |   18559 |    2565 |         10535 |     64890
   109400 |   18594 |    2565 |         10535 |     64790
   109500 |   18598 |    2565 |         10535 |     64690
   109600 |   18611 |    2565 |         10535 |     64590
   109700 |   18677 |    2572 |         10540 |     64490
   109800 |   18747 |    2572 |         10540 |     64390
   109900 |   18756 |    2572 |         10540 |     64290
   110000 |   18756 |    2572 |         10540 |     64190
   110100 |   18756 |    2583 |         10549 |     64090
   110200 |   18756 |    2583 |         10549 |     63990
   110300 |   18756 |    2583 |         10549 |     63890
   110400 |   18756 |    2583 |         10549 |     63790
   110500 |   18756 |    2583 |         10549 |     63690
   110600 |   18756 |    2583 |         10549 |     63590
   110700 |   18756 |    2583 |         10549 |     63490
   110800 |   18756 |    2583 |         10549 |     63390
   110900 |   18756 |    2583 |         10549 |     63290
   111000 |   18756 |    2583 |         10549 |     63190
   111100 |   18756 |    2583 |         10549 |     63090
   111200 |   18756 |    2583 |         10549 |     62990
   111300 |   18770 |    2585 |         10552 |     62890
   111400 |   18806 |    2590 |         10570 |     62790
   111500 |   18825 |    2594 |         10573 |     62690
   111600 |   18825 |    2594 |         10573 |     62590
   111700 |   18825 |    2594 |         10573 |     62490
   111800 |   18825 |    2594 |         10573 |     62390
   111900 |   18825 |    2594 |         10573 |     62290
   112000 |   18825 |    2594 |         10573 |     62190
   112100 |   18828 |    2594 |         10573 |     62090
   112200 |   18849 |    2594 |         10573 |     61990
   112300 |   18853 |    2598 |         10574 |     61890
   112400 |   18866 |    2600 |         10575 |     61790
   112500 |   18870 |    2600 |         10575 |     61690
   112600 |   18870 |    2600 |         10575 |     61590
   112700 |   18870 |    2600 |         10575 |     61490
   112800 |   18870 |    2600 |         10575 |     61390
   112900 |   18870 |    2600 |         10575 |     61290
   113000 |   18871 |    2600 |         10576 |     61190
   113100 |   18871 |    2600 |         10576 |     61090
   113200 |   18871 |    2600 |         10576 |     60990
   113300 |   18895 |    2600 |         10576 |     60890
   113400 |   18933 |    2600 |         10576 |     60790
   113500 |   18953 |    2606 |         10586 |     60690
   113600 |   18998 |    2609 |         10592 |     60590
   113700 |   19043 |    2609 |         10594 |     60490
   113800 |   19078 |    2609 |         10596 |     60390
   113900 |   19135 |    2612 |         10600 |     60290
   114000 |   19201 |    2638 |         10619 |     60190
   114100 |   19218 |    2762 |         10624 |     60090
   114200 |   19273 |    2762 |         10624 |     59990
   114300 |   19352 |    2762 |         10624 |     59890
   114400 |   19411 |    2822 |         10631 |     59790
   114500 |   19448 |    2830 |         10637 |     59690
   114600 |   19520 |    2864 |         10662 |     59590
   114700 |   19600 |    2889 |         10682 |     59490
   114800 |   19641 |    2889 |         10682 |     59390
   114900 |   19679 |    2889 |         10682 |     59290
   115000 |   19712 |    2889 |         10692 |     59190
   115100 |   19717 |    2892 |         10716 |     59090
   115200 |   19754 |    2940 |         10732 |     58990
   115300 |   19824 |    2992 |         10758 |     58890
   115400 |   19877 |    3063 |         10782 |     58790
   115500 |   19918 |    3063 |         10782 |     58690
   115600 |   19976 |    3063 |         10782 |     58590
   115700 |   20001 |    3063 |         10782 |     58490
   115800 |   20027 |    3063 |         10866 |     58390
   115900 |   20083 |    3065 |         10922 |     58290
   116000 |   20102 |    3065 |         10922 |     58190
   116100 |   20108 |    3067 |         10923 |     58090
   116200 |   20147 |    3084 |         10926 |     57990
   116300 |   20166 |    3085 |         10927 |     57890
   116400 |   20215 |    3110 |         10937 |     57790
   116500 |   20258 |    3110 |         10937 |     57690
   116600 |   20309 |    3126 |         10941 |     57590
   116700 |   20310 |    3128 |         10942 |     57490
   116800 |   20343 |    3130 |         10944 |     57390
   116900 |   20345 |    3130 |         10944 |     57290
   117000 |   20356 |    3138 |         10947 |     57190
   117100 |   20362 |    3138 |         10954 |     57090
   117200 |   20369 |    3141 |         10959 |     56990
   117300 |   20369 |    3141 |         10959 |     56890
   117400 |   20369 |    3141 |         10961 |     56790
   117500 |   20369 |    3141 |         10965 |     56690
   117600 |   20369 |    3141 |         10969 |     56590
   117700 |   20370 |    3141 |         10976 |     56490
   117800 |   20370 |    3141 |         10979 |     56390
   117900 |   20370 |    3141 |         10984 |     56290
   118000 |   20370 |    3141 |         10988 |     56190
   118100 |   20371 |    3141 |         10991 |     56090
   118200 |   20371 |    3141 |         10996 |     55990
   118300 |   20371 |    3141 |         11004 |     55890
   118400 |   20373 |    3141 |         11017 |     55790
   118500 |   20373 |    3141 |         11025 |     55690
   118600 |   20374 |    3141 |         11033 |     55590
   118700 |   20377 |    3141 |         11042 |     55490
   118800 |   20379 |    3141 |         11047 |     55390
   118900 |   20381 |    3141 |         11049 |     55290
   119000 |   20383 |    3141 |         11052 |     55190
   119100 |   20385 |    3141 |         11053 |     55090
   119200 |   20389 |    3141 |         11058 |     54990
   119300 |   20394 |    3141 |         11064 |     54890
   119400 |   20396 |    3141 |         11071 |     54790
   119500 |   20396 |    3141 |         11080 |     54690
   119600 |   20399 |    3141 |         11090 |     54590
   119700 |   20400 |    3141 |         11095 |     54490
   119800 |   20400 |    3141 |         11101 |     54390
   119900 |   20401 |    3141 |         11106 |     54290
   120000 |   20403 |    3141 |         11109 |     54190
   120100 |   20407 |    3141 |         11114 |     54090
   120200 |   20407 |    3141 |         11114 |     53990
   120300 |   20407 |    3141 |         11114 |     53890
   120400 |   20414 |    3143 |         11121 |     53790
   120500 |   20474 |    3159 |         11137 |     53690
   120600 |   20517 |    3159 |         11137 |     53590
   120700 |   20547 |    3159 |         11138 |     53490
   120800 |   20582 |    3160 |         11140 |     53390
   120900 |   20625 |    3168 |         11147 |     53290
   121000 |   20689 |    3188 |         11161 |     53190
   121100 |   20739 |    3194 |         11162 |     53090
   121200 |   20752 |    3231 |         11166 |     52990
   121300 |   20784 |    3231 |         11166 |     52890
   121400 |   20835 |    3231 |         11166 |     52790
   121500 |   20879 |    3231 |         11166 |     52690
   121600 |   20902 |    3231 |         11166 |     52590
   121700 |   20979 |    3231 |         11166 |     52490
   121800 |   20987 |    3231 |         11166 |     52390
   121900 |   20991 |    3231 |         11166 |     52290
   122000 |   21030 |    3232 |         11167 |     52190
   122100 |   21072 |    3232 |         11168 |     52090
   122200 |   21098 |    3232 |         11168 |     51990
   122300 |   21123 |    3232 |         11168 |     51890
   122400 |   21154 |    3232 |         11168 |     51790
   122500 |   21178 |    3232 |         11168 |     51690
   122600 |   21208 |    3232 |         11168 |     51590
   122700 |   21208 |    3232 |         11170 |     51490
   122800 |   21223 |    3244 |         11177 |     51390
   122900 |   21224 |    3248 |         11178 |     51290
   123000 |   21229 |    3248 |         11178 |     51190
   123100 |   21241 |    3248 |         11178 |     51090
   123200 |   21249 |    3248 |         11178 |     50990
   123300 |   21259 |    3248 |         11178 |     50890
   123400 |   21279 |    3256 |         11182 |     50790
   123500 |   21308 |    3259 |         11185 |     50690
   123600 |   21338 |    3259 |         11185 |     50590
   123700 |   21370 |    3269 |         11187 |     50490
   123800 |   21388 |    3269 |         11187 |     50390
   123900 |   21408 |    3269 |         11187 |     50290
   124000 |   21433 |    3269 |         11206 |     50190
   124100 |   21448 |    3269 |         11253 |     50090
   124200 |   21463 |    3269 |         11299 |     49990
   124300 |   21480 |    3269 |         11348 |     49890
   124400 |   21496 |    3269 |         11399 |     49790
   124500 |   21511 |    3269 |         11449 |     49690
   124600 |   21528 |    3269 |         11465 |     49590
   124700 |   21562 |    3269 |         11468 |     49490
   124800 |   21580 |    3274 |         11474 |     49390
   124900 |   21602 |    3274 |         11474 |     49290
   125000 |   21614 |    3274 |         11474 |     49190
   125100 |   21625 |    3274 |         11474 |     49090
   125200 |   21643 |    3276 |         11476 |     48990
   125300 |   21647 |    3276 |         11476 |     48890
   125400 |   21647 |    3276 |         11476 |     48790
   125500 |   21647 |    3276 |         11476 |     48690
   125600 |   21651 |    3276 |         11476 |     48590
   125700 |   21692 |    3276 |         11476 |     48490
   125800 |   21741 |    3276 |         11476 |     48390
   125900 |   21803 |    3276 |         11476 |     48290
   126000 |   21872 |    3276 |         11476 |     48190
   126100 |   21938 |    3276 |         11476 |     48090
   126200 |   21944 |    3316 |         11480 |     47990
   126300 |   21944 |    3316 |         11480 |     47890
   126400 |   21944 |    3317 |         11481 |     47790
   126500 |   21950 |    3317 |         11481 |     47690
   126600 |   21974 |    3317 |         11481 |     47590
   126700 |   21982 |    3319 |         11482 |     47490
   126800 |   21993 |    3319 |         11482 |     47390
   126900 |   22029 |    3319 |         11482 |     47290
   127000 |   22129 |    3319 |         11514 |     47190
   127100 |   22162 |    3319 |         11523 |     47090
   127200 |   22214 |    3321 |         11542 |     46990
   127300 |   22251 |    3323 |         11544 |     46890
   127400 |   22266 |    3323 |         11544 |     46790
   127500 |   22285 |    3323 |         11544 |     46690
   127600 |   22289 |    3323 |         11544 |     46590
   127700 |   22307 |    3323 |         11547 |     46490
   127800 |   22361 |    3334 |         11559 |     46390
   127900 |   22419 |    3334 |         11575 |     46290
   128000 |   22473 |    3334 |         11587 |     46190
   128100 |   22485 |    3334 |         11590 |     46090
   128200 |   22500 |    3334 |         11590 |     45990
   128300 |   22500 |    3334 |         11590 |     45890
   128400 |   22500 |    3334 |         11590 |     45790
   128500 |   22500 |    3334 |         11590 |     45690
   128600 |   22500 |    3334 |         11590 |     45590
   128700 |   22500 |    3334 |         11590 |     45490
   128800 |   22500 |    3334 |         11590 |     45390
   128900 |   22500 |    3334 |         11590 |     45290
   129000 |   22506 |    3338 |         11594 |     45190
   129100 |   22506 |    3338 |         11594 |     45090
   129200 |   22506 |    3338 |         11594 |     44990
   129300 |   22506 |    3338 |         11594 |     44890
   129400 |   22506 |    3338 |         11594 |     44790
   129500 |   22506 |    3338 |         11594 |     44690
   129600 |   22507 |    3338 |         11594 |     44590
   129700 |   22507 |    3338 |         11594 |     44490
   129800 |   22512 |    3338 |         11594 |     44390
   129900 |   22512 |    3339 |         11595 |     44290
   130000 |   22514 |    3339 |         11595 |     44190
   130100 |   22515 |    3339 |         11595 |     44090
   130200 |   22516 |    3339 |         11595 |     43990
   130300 |   22518 |    3339 |         11595 |     43890
   130400 |   22518 |    3339 |         11595 |     43790
   130500 |   22518 |    3339 |         11595 |     43690
   130600 |   22518 |    3339 |         11595 |     43590
   130700 |   22518 |    3339 |         11595 |     43490
   130800 |   22524 |    3339 |         11595 |     43390
   130900 |   22524 |    3339 |         11595 |     43290
   131000 |   22524 |    3339 |         11595 |     43190
   131100 |   22524 |    3339 |         11595 |     43090
   131200 |   22524 |    3339 |         11595 |     42990
   131300 |   22524 |    3339 |         11595 |     42890
   131400 |   22524 |    3339 |         11595 |     42790
   131500 |   22524 |    3339 |         11595 |     42690
   131600 |   22530 |    3339 |         11595 |     42590
   131700 |   22530 |    3339 |         11595 |     42490
   131800 |   22530 |    3339 |         11595 |     42390
   131900 |   22530 |    3339 |         11595 |     42290
   132000 |   22530 |    3339 |         11595 |     42190
   132100 |   22530 |    3339 |         11595 |     42090
   132200 |   22530 |    3339 |         11595 |     41990
   132300 |   22530 |    3339 |         11595 |     41890
   132400 |   22537 |    3339 |         11595 |     41790
   132500 |   22537 |    3339 |         11595 |     41690
   132600 |   22537 |    3339 |         11595 |     41590
   132700 |   22537 |    3339 |         11595 |     41490
   132800 |   22537 |    3339 |         11595 |     41390
   132900 |   22537 |    3339 |         11595 |     41290
   133000 |   22537 |    3339 |         11595 |     41190
   133100 |   22537 |    3339 |         11595 |     41090
   133200 |   22540 |    3339 |         11595 |     40990
   133300 |   22540 |    3339 |         11595 |     40890
   133400 |   22540 |    3339 |         11595 |     40790
   133500 |   22540 |    3339 |         11595 |     40690
   133600 |   22540 |    3339 |         11595 |     40590
   133700 |   22540 |    3339 |         11595 |     40490
   133800 |   22540 |    3339 |         11595 |     40390
   133900 |   22540 |    3339 |         11595 |     40290
   134000 |   22541 |    3341 |         11596 |     40190
   134100 |   22541 |    3341 |         11596 |     40090
   134200 |   22543 |    3353 |         11598 |     39990
   134300 |   22546 |    3353 |         11598 |     39890
   134400 |   22548 |    3353 |         11598 |     39790
   134500 |   22550 |    3353 |         11598 |     39690
   134600 |   22556 |    3353 |         11598 |     39590
   134700 |   22559 |    3353 |         11598 |     39490
   134800 |   22562 |    3353 |         11598 |     39390
   134900 |   22565 |    3353 |         11598 |     39290
   135000 |   22567 |    3353 |         11598 |     39190
   135100 |   22569 |    3353 |         11598 |     39090
   135200 |   22572 |    3353 |         11598 |     38990
   135300 |   22574 |    3353 |         11598 |     38890
   135400 |   22574 |    3353 |         11598 |     38790
   135500 |   22575 |    3353 |         11598 |     38690
   135600 |   22579 |    3353 |         11598 |     38590
   135700 |   22581 |    3353 |         11598 |     38490
   135800 |   22587 |    3353 |         11598 |     38390
   135900 |   22590 |    3353 |         11598 |     38290
   136000 |   22591 |    3353 |         11598 |     38190
   136100 |   22591 |    3353 |         11598 |     38090
   136200 |   22591 |    3353 |         11598 |     37990
   136300 |   22594 |    3353 |         11598 |     37890
   136400 |   22595 |    3353 |         11598 |     37790
   136500 |   22597 |    3353 |         11598 |     37690
   136600 |   22601 |    3353 |         11598 |     37590
   136700 |   22603 |    3353 |         11598 |     37490
   136800 |   22605 |    3353 |         11598 |     37390
   136900 |   22606 |    3353 |         11598 |     37290
   137000 |   22608 |    3353 |         11598 |     37190
   137100 |   22611 |    3353 |         11598 |     37090
   137200 |   22612 |    3353 |         11598 |     36990
   137300 |   22612 |    3353 |         11598 |     36890
   137400 |   22613 |    3353 |         11598 |     36790
   137500 |   22615 |    3353 |         11598 |     36690
   137600 |   22615 |    3353 |         11598 |     36590
   137700 |   22616 |    3353 |         11598 |     36490
   137800 |   22618 |    3353 |         11598 |     36390
   137900 |   22623 |    3353 |         11598 |     36290
   138000 |   22626 |    3353 |         11598 |     36190
   138100 |   22626 |    3353 |         11598 |     36090
   138200 |   22626 |    3354 |         11599 |     35990
   138300 |   22626 |    3361 |         11605 |     35890
   138400 |   22626 |    3383 |         11627 |     35790
   138500 |   22626 |    3401 |         11644 |     35690
   138600 |   22626 |    3403 |         11645 |     35590
   138700 |   22626 |    3404 |         11646 |     35490
   138800 |   22626 |    3404 |         11646 |     35390
   138900 |   22626 |    3404 |         11646 |     35290
   139000 |   22626 |    3449 |         11659 |     35190
   139100 |   22626 |    3449 |         11659 |     35090
   139200 |   22626 |    3449 |         11659 |     34990
   139300 |   22626 |    3449 |         11659 |     34890
   139400 |   22627 |    3449 |         11659 |     34790
   139500 |   22627 |    3449 |         11659 |     34690
   139600 |   22627 |    3449 |         11659 |     34590
   139700 |   22627 |    3449 |         11659 |     34490
   139800 |   22627 |    3449 |         11659 |     34390
   139900 |   22627 |    3449 |         11659 |     34290
   140000 |   22627 |    3449 |         11659 |     34190
   140100 |   22627 |    3449 |         11659 |     34090
   140200 |   22627 |    3449 |         11659 |     33990
   140300 |   22627 |    3449 |         11659 |     33890
   140400 |   22627 |    3449 |         11659 |     33790
   140500 |   22627 |    3449 |         11659 |     33690
   140600 |   22627 |    3449 |         11659 |     33590
   140700 |   22627 |    3449 |         11659 |     33490
   140800 |   22627 |    3449 |         11659 |     33390
   140900 |   22627 |    3449 |         11659 |     33290
   141000 |   22627 |    3449 |         11659 |     33190
   141100 |   22627 |    3449 |         11659 |     33090
   141200 |   22627 |    3449 |         11659 |     32990
   141300 |   22627 |    3451 |         11660 |     32890
   141400 |   22627 |    3451 |         11660 |     32790
   141500 |   22628 |    3454 |         11661 |     32690
   141600 |   22628 |    3454 |         11661 |     32590
   141700 |   22641 |    3454 |         11661 |     32490
   141800 |   22657 |    3454 |         11661 |     32390
   141900 |   22657 |    3454 |         11661 |     32290
   142000 |   22657 |    3454 |         11661 |     32190
   142100 |   22657 |    3454 |         11661 |     32090
   142200 |   22657 |    3454 |         11661 |     31990
   142300 |   22657 |    3454 |         11661 |     31890
   142400 |   22657 |    3454 |         11661 |     31790
   142500 |   22657 |    3454 |         11661 |     31690
   142600 |   22657 |    3454 |         11661 |     31590
   142700 |   22657 |    3454 |         11661 |     31490
   142800 |   22657 |    3454 |         11661 |     31390
   142900 |   22657 |    3454 |         11661 |     31290
   143000 |   22657 |    3454 |         11661 |     31190
   143100 |   22657 |    3454 |         11661 |     31090
   143200 |   22657 |    3454 |         11661 |     30990
   143300 |   22657 |    3454 |         11661 |     30890
   143400 |   22657 |    3454 |         11661 |     30790
   143500 |   22657 |    3454 |         11661 |     30690
   143600 |   22657 |    3454 |         11661 |     30590
   143700 |   22657 |    3454 |         11661 |     30490
   143800 |   22657 |    3454 |         11661 |     30390
   143900 |   22657 |    3454 |         11661 |     30290
   144000 |   22657 |    3454 |         11661 |     30190
   144100 |   22657 |    3454 |         11661 |     30090
   144200 |   22657 |    3454 |         11661 |     29990
   144300 |   22657 |    3454 |         11661 |     29890
   144400 |   22657 |    3454 |         11661 |     29790
   144500 |   22657 |    3454 |         11661 |     29690
   144600 |   22657 |    3454 |         11661 |     29590
   144700 |   22658 |    3454 |         11661 |     29490
   144800 |   22659 |    3454 |         11661 |     29390
   144900 |   22659 |    3454 |         11661 |     29290
   145000 |   22659 |    3454 |         11661 |     29190
   145100 |   22659 |    3454 |         11661 |     29090
   145200 |   22659 |    3454 |         11661 |     28990
   145300 |   22659 |    3454 |         11661 |     28890
   145400 |   22660 |    3454 |         11661 |     28790
   145500 |   22660 |    3454 |         11661 |     28690
   145600 |   22662 |    3454 |         11661 |     28590
   145700 |   22663 |    3454 |         11661 |     28490
   145800 |   22664 |    3454 |         11661 |     28390
   145900 |   22664 |    3454 |         11661 |     28290
   146000 |   22664 |    3454 |         11661 |     28190
   146100 |   22664 |    3454 |         11661 |     28090
   146200 |   22664 |    3454 |         11661 |     27990
   146300 |   22664 |    3454 |         11661 |     27890
   146400 |   22664 |    3454 |         11661 |     27790
   146500 |   22664 |    3454 |         11661 |     27690
   146600 |   22664 |    3454 |         11661 |     27590
   146700 |   22664 |    3454 |         11661 |     27490
   146800 |   22664 |    3454 |         11661 |     27390
   146900 |   22664 |    3454 |         11661 |     27290
   147000 |   22664 |    3454 |         11661 |     27190
   147100 |   22664 |    3454 |         11661 |     27090
   147200 |   22664 |    3454 |         11661 |     26990
   147300 |   22664 |    3454 |         11661 |     26890
   147400 |   22664 |    3454 |         11661 |     26790
   147500 |   22664 |    3454 |         11661 |     26690
   147600 |   22664 |    3454 |         11661 |     26590
   147700 |   22664 |    3454 |         11661 |     26490
   147800 |   22664 |    3454 |         11661 |     26390
   147900 |   22664 |    3454 |         11661 |     26290
   148000 |   22664 |    3454 |         11661 |     26190
   148100 |   22665 |    3454 |         11661 |     26090
   148200 |   22666 |    3454 |         11661 |     25990
   148300 |   22666 |    3454 |         11661 |     25890
   148400 |   22666 |    3454 |         11661 |     25790
   148500 |   22666 |    3454 |         11661 |     25690
   148600 |   22666 |    3454 |         11661 |     25590
   148700 |   22666 |    3454 |         11661 |     25490
   148800 |   22666 |    3454 |         11661 |     25390
   148900 |   22667 |    3454 |         11661 |     25290
   149000 |   22667 |    3454 |         11661 |     25190
   149100 |   22667 |    3454 |         11661 |     25090
   149200 |   22667 |    3454 |         11661 |     24990
   149300 |   22667 |    3454 |         11661 |     24890
   149400 |   22667 |    3454 |         11661 |     24790
   149500 |   22667 |    3454 |         11661 |     24690
   149600 |   22667 |    3454 |         11661 |     24590
   149700 |   22667 |    3454 |         11661 |     24490
   149800 |   22667 |    3454 |         11661 |     24390
   149900 |   22667 |    3454 |         11661 |     24290
   150000 |   22667 |    3454 |         11661 |     24190
   150100 |   22667 |    3454 |         11661 |     24090
   150200 |   22667 |    3454 |         11661 |     23990
   150300 |   22667 |    3454 |         11661 |     23890
   150400 |   22668 |    3454 |         11661 |     23790
   150500 |   22668 |    3454 |         11661 |     23690
   150600 |   22670 |    3454 |         11661 |     23590
   150700 |   22670 |    3454 |         11661 |     23490
   150800 |   22670 |    3454 |         11661 |     23390
   150900 |   22670 |    3454 |         11661 |     23290
   151000 |   22670 |    3454 |         11661 |     23190
   151100 |   22671 |    3454 |         11661 |     23090
   151200 |   22671 |    3454 |         11661 |     22990
   151300 |   22671 |    3454 |         11661 |     22890
   151400 |   22671 |    3454 |         11661 |     22790
   151500 |   22671 |    3454 |         11661 |     22690
   151600 |   22671 |    3454 |         11661 |     22590
   151700 |   22671 |    3454 |         11661 |     22490
   151800 |   22671 |    3454 |         11661 |     22390
   151900 |   22671 |    3454 |         11661 |     22290
   152000 |   22671 |    3454 |         11661 |     22190
   152100 |   22671 |    3454 |         11661 |     22090
   152200 |   22672 |    3454 |         11661 |     21990
   152300 |   22672 |    3454 |         11661 |     21890
   152400 |   22672 |    3454 |         11661 |     21790
   152500 |   22672 |    3454 |         11661 |     21690
   152600 |   22673 |    3454 |         11661 |     21590
   152700 |   22673 |    3454 |         11661 |     21490
   152800 |   22676 |    3454 |         11661 |     21390
   152900 |   22681 |    3454 |         11661 |     21290
   153000 |   22682 |    3454 |         11661 |     21190
   153100 |   22687 |    3454 |         11661 |     21090
   153200 |   22690 |    3454 |         11661 |     20990
   153300 |   22697 |    3454 |         11661 |     20890
   153400 |   22701 |    3454 |         11661 |     20790
   153500 |   22704 |    3454 |         11661 |     20690
   153600 |   22713 |    3472 |         11669 |     20590
   153700 |   22716 |    3483 |         11679 |     20490
   153800 |   22716 |    3534 |         11730 |     20390
   153900 |   22716 |    3547 |         11742 |     20290
   154000 |   22716 |    3611 |         11806 |     20190
   154100 |   22716 |    3643 |         11838 |     20090
   154200 |   22716 |    3675 |         11870 |     19990
   154300 |   22716 |    3681 |         11876 |     19890
   154400 |   22716 |    3693 |         11888 |     19790
   154500 |   22716 |    3724 |         11919 |     19690
   154600 |   22716 |    3785 |         11980 |     19590
   154700 |   22716 |    3785 |         11980 |     19490
   154800 |   22716 |    3793 |         11988 |     19390
   154900 |   22716 |    3816 |         12011 |     19290
   155000 |   22716 |    3863 |         12058 |     19190
   155100 |   22716 |    3879 |         12074 |     19090
   155200 |   22716 |    3879 |         12074 |     18990
   155300 |   22716 |    3879 |         12074 |     18890
   155400 |   22716 |    3879 |         12074 |     18790
   155500 |   22716 |    3879 |         12074 |     18690
   155600 |   22716 |    3879 |         12074 |     18590
   155700 |   22716 |    3879 |         12074 |     18490
   155800 |   22716 |    3879 |         12074 |     18390
   155900 |   22716 |    3879 |         12074 |     18290
   156000 |   22716 |    3879 |         12074 |     18190
   156100 |   22742 |    3879 |         12074 |     18090
   156200 |   22778 |    3879 |         12074 |     17990
   156300 |   22816 |    3879 |         12074 |     17890
   156400 |   22817 |    3879 |         12074 |     17790
   156500 |   22817 |    3879 |         12074 |     17690
   156600 |   22818 |    3905 |         12077 |     17590
   156700 |   22818 |    3905 |         12077 |     17490
   156800 |   22818 |    3905 |         12077 |     17390
   156900 |   22818 |    3905 |         12077 |     17290
   157000 |   22818 |    3905 |         12077 |     17190
   157100 |   22818 |    3905 |         12077 |     17090
   157200 |   22818 |    3908 |         12080 |     16990
   157300 |   22818 |    3908 |         12080 |     16890
   157400 |   22822 |    3908 |         12080 |     16790
   157500 |   22867 |    3908 |         12080 |     16690
   157600 |   22867 |    3908 |         12080 |     16590
   157700 |   22867 |    3908 |         12080 |     16490
   157800 |   22867 |    3908 |         12080 |     16390
   157900 |   22867 |    3908 |         12080 |     16290
   158000 |   22867 |    3908 |         12080 |     16190
   158100 |   22867 |    3908 |         12080 |     16090
   158200 |   22867 |    3940 |         12096 |     15990
   158300 |   22867 |    3940 |         12096 |     15890
   158400 |   22867 |    3954 |         12098 |     15790
   158500 |   22867 |    3954 |         12098 |     15690
   158600 |   22867 |    3954 |         12098 |     15590
   158700 |   22867 |    3954 |         12098 |     15490
   158800 |   22867 |    3954 |         12098 |     15390
   158900 |   22867 |    3954 |         12098 |     15290
   159000 |   22867 |    3954 |         12098 |     15190
   159100 |   22867 |    3958 |         12099 |     15090
   159200 |   22867 |    3958 |         12099 |     14990
   159300 |   22867 |    3958 |         12099 |     14890
   159400 |   22867 |    3958 |         12099 |     14790
   159500 |   22867 |    3958 |         12099 |     14690
   159600 |   22867 |    3958 |         12099 |     14590
   159700 |   22867 |    3958 |         12099 |     14490
   159800 |   22867 |    3958 |         12099 |     14390
   159900 |   22867 |    3958 |         12099 |     14290
   160000 |   22867 |    3958 |         12099 |     14190
   160100 |   22870 |    3958 |         12099 |     14090
   160200 |   22870 |    3958 |         12099 |     13990
   160300 |   22870 |    3958 |         12099 |     13890
   160400 |   22870 |    3958 |         12099 |     13790
   160500 |   22870 |    3958 |         12099 |     13690
   160600 |   22870 |    3958 |         12099 |     13590
   160700 |   22870 |    3958 |         12099 |     13490
   160800 |   22870 |    3958 |         12099 |     13390
   160900 |   22870 |    3958 |         12099 |     13290
   161000 |   22870 |    3958 |         12099 |     13190
   161100 |   22870 |    3958 |         12099 |     13090
   161200 |   22870 |    3958 |         12099 |     12990
   161300 |   22870 |    3958 |         12099 |     12890
   161400 |   22870 |    3958 |         12099 |     12790
   161500 |   22870 |    3958 |         12099 |     12690
   161600 |   22870 |    3958 |         12099 |     12590
   161700 |   22870 |    3958 |         12099 |     12490
   161800 |   22870 |    3958 |         12099 |     12390
   161900 |   22870 |    3958 |         12099 |     12290
   162000 |   22870 |    3958 |         12099 |     12190
   162100 |   22870 |    3958 |         12099 |     12090
   162200 |   22870 |    3958 |         12099 |     11990
   162300 |   22870 |    3958 |         12099 |     11890
   162400 |   22870 |    3958 |         12099 |     11790
   162500 |   22870 |    3971 |         12102 |     11690
   162600 |   22870 |    3976 |         12104 |     11590
   162700 |   22870 |    3976 |         12104 |     11490
   162800 |   22870 |    3976 |         12104 |     11390
   162900 |   22870 |    3977 |         12105 |     11290
   163000 |   22870 |    3977 |         12105 |     11190
   163100 |   22870 |    3980 |         12106 |     11090
   163200 |   22870 |    3980 |         12106 |     10990
   163300 |   22870 |    3980 |         12106 |     10890
   163400 |   22870 |    3980 |         12106 |     10790
   163500 |   22871 |    3981 |         12107 |     10690
   163600 |   22872 |    3982 |         12108 |     10590
   163700 |   22872 |    4007 |         12133 |     10490
   163800 |   22872 |    4010 |         12136 |     10390
   163900 |   22872 |    4010 |         12136 |     10290
   164000 |   22872 |    4010 |         12136 |     10190
   164100 |   22872 |    4010 |         12136 |     10090
   164200 |   22872 |    4010 |         12136 |      9990
   164300 |   22872 |    4010 |         12136 |      9890
   164400 |   22872 |    4010 |         12136 |      9790
   164500 |   22872 |    4010 |         12136 |      9690
   164600 |   22872 |    4010 |         12136 |      9590
   164700 |   22872 |    4010 |         12136 |      9490
   164800 |   22872 |    4010 |         12136 |      9390
   164900 |   22872 |    4010 |         12136 |      9290
   165000 |   22872 |    4010 |         12136 |      9190
   165100 |   22872 |    4010 |         12136 |      9090
   165200 |   22872 |    4010 |         12136 |      8990
   165300 |   22872 |    4010 |         12136 |      8890
   165400 |   22872 |    4010 |         12136 |      8790
   165500 |   22872 |    4010 |         12136 |      8690
   165600 |   22872 |    4010 |         12136 |      8590
   165700 |   22872 |    4010 |         12136 |      8490
   165800 |   22872 |    4010 |         12136 |      8390
   165900 |   22872 |    4010 |         12136 |      8290
   166000 |   22872 |    4010 |         12136 |      8190
   166100 |   22872 |    4010 |         12136 |      8090
   166200 |   22872 |    4010 |         12136 |      7990
   166300 |   22872 |    4010 |         12136 |      7890
   166400 |   22872 |    4010 |         12136 |      7790
   166500 |   22872 |    4010 |         12136 |      7690
   166600 |   22872 |    4010 |         12136 |      7590
   166700 |   22872 |    4010 |         12136 |      7490
   166800 |   22872 |    4010 |         12136 |      7390
   166900 |   22872 |    4010 |         12136 |      7290
   167000 |   22872 |    4010 |         12136 |      7190
   167100 |   22872 |    4010 |         12136 |      7090
   167200 |   22872 |    4010 |         12136 |      6990
   167300 |   22872 |    4010 |         12136 |      6890
   167400 |   22872 |    4010 |         12136 |      6790
   167500 |   22872 |    4010 |         12136 |      6690
   167600 |   22872 |    4010 |         12136 |      6590
   167700 |   22872 |    4010 |         12136 |      6490
   167800 |   22872 |    4010 |         12136 |      6390
   167900 |   22872 |    4010 |         12136 |      6290
   168000 |   22872 |    4010 |         12136 |      6190
   168100 |   22872 |    4010 |         12136 |      6090
   168200 |   22872 |    4010 |         12136 |      5990
   168300 |   22872 |    4010 |         12136 |      5890
   168400 |   22872 |    4010 |         12136 |      5790
   168500 |   22872 |    4010 |         12136 |      5690
   168600 |   22872 |    4010 |         12136 |      5590
   168700 |   22872 |    4010 |         12136 |      5490
   168800 |   22872 |    4010 |         12136 |      5390
   168900 |   22876 |    4012 |         12138 |      5290
   169000 |   22876 |    4012 |         12138 |      5190
   169100 |   22876 |    4012 |         12138 |      5090
   169200 |   22876 |    4012 |         12138 |      4990
   169300 |   22877 |    4013 |         12139 |      4890
   169400 |   22877 |    4013 |         12139 |      4790
   169500 |   22890 |    4013 |         12139 |      4690
   169600 |   22897 |    4031 |         12143 |      4590
   169700 |   22902 |    4031 |         12143 |      4490
   169800 |   22905 |    4031 |         12143 |      4390
   169900 |   22905 |    4031 |         12143 |      4290
   170000 |   22909 |    4031 |         12143 |      4190
   170100 |   22909 |    4031 |         12143 |      4090
   170200 |   22917 |    4031 |         12143 |      3990
   170300 |   22918 |    4031 |         12143 |      3890
   170400 |   22934 |    4032 |         12144 |      3790
   170500 |   22947 |    4032 |         12144 |      3690
   170600 |   22948 |    4032 |         12144 |      3590
   170700 |   22951 |    4032 |         12144 |      3490
   170800 |   22951 |    4032 |         12144 |      3390
   170900 |   22953 |    4032 |         12144 |      3290
   171000 |   22960 |    4032 |         12144 |      3190
   171100 |   22964 |    4032 |         12144 |      3090
   171200 |   22997 |    4032 |         12144 |      2990
   171300 |   23008 |    4032 |         12144 |      2890
   171400 |   23008 |    4032 |         12144 |      2790
   171500 |   23008 |    4032 |         12144 |      2690
   171600 |   23012 |    4032 |         12144 |      2590
   171700 |   23019 |    4036 |         12145 |      2490
   171800 |   23023 |    4036 |         12145 |      2390
   171900 |   23056 |    4038 |         12147 |      2290
