OpenROAD e69d93ffb92e02e755ed4277376296f3deaaa8d9 
Features included (+) or not (-): +GPU +GUI +Python
This program is licensed under the BSD-3 license. See the LICENSE file for details.
Components of this program may be licensed under more restrictive licenses which must be honored.
[INFO ORD-0030] Using 8 thread(s).
source /home/fetzfs_projects/MLBuf/flows/OpenROAD-flow-scripts/flow/platforms/nangate45/setRC.tcl
Perform port buffering...
[INFO RSZ-0027] Inserted 212 input buffers.
[INFO RSZ-0028] Inserted 224 output buffers.
Perform buffer insertion and gate resizing...
repair_design -verbose
[INFO RSZ-0058] Using max wire length 640um.
Iteration | Resized | Buffers | Nets repaired | Remaining
---------------------------------------------------------
        0 |       0 |       0 |             0 |    174190
      100 |      44 |       0 |             0 |    174090
      200 |      97 |       0 |             0 |    173990
      300 |     139 |       0 |             0 |    173890
      400 |     188 |       0 |             0 |    173790
      500 |     223 |       0 |             0 |    173690
      600 |     248 |       0 |             0 |    173590
      700 |     279 |       0 |             0 |    173490
      800 |     303 |       0 |             0 |    173390
      900 |     336 |       0 |             0 |    173290
     1000 |     348 |       0 |             0 |    173190
     1100 |     377 |       0 |             0 |    173090
     1200 |     386 |       0 |             0 |    172990
     1300 |     409 |       0 |             0 |    172890
     1400 |     433 |       0 |             0 |    172790
     1500 |     449 |       0 |             0 |    172690
     1600 |     461 |       0 |             0 |    172590
     1700 |     464 |       0 |             0 |    172490
     1800 |     482 |       0 |             0 |    172390
     1900 |     489 |       0 |             0 |    172290
     2000 |     490 |       4 |             2 |    172190
     2100 |     490 |       4 |             2 |    172090
     2200 |     490 |       7 |             4 |    171990
     2300 |     490 |      10 |             6 |    171890
     2400 |     490 |      10 |             6 |    171790
     2500 |     490 |      10 |             6 |    171690
     2600 |     490 |      13 |             8 |    171590
     2700 |     490 |      13 |             8 |    171490
     2800 |     490 |      13 |             8 |    171390
     2900 |     493 |      17 |            10 |    171290
     3000 |     494 |      17 |            10 |    171190
     3100 |     495 |      20 |            12 |    171090
     3200 |     495 |      20 |            12 |    170990
     3300 |     495 |      23 |            14 |    170890
     3400 |     495 |      23 |            14 |    170790
     3500 |     517 |      26 |            16 |    170690
     3600 |     517 |      26 |            16 |    170590
     3700 |     517 |      26 |            16 |    170490
     3800 |     517 |      26 |            16 |    170390
     3900 |     517 |      26 |            16 |    170290
     4000 |     517 |      26 |            16 |    170190
     4100 |     517 |      26 |            16 |    170090
     4200 |     517 |      26 |            16 |    169990
     4300 |     523 |      26 |            16 |    169890
     4400 |     524 |      26 |            16 |    169790
     4500 |     524 |      26 |            16 |    169690
     4600 |     525 |      26 |            16 |    169590
     4700 |     526 |      27 |            17 |    169490
     4800 |     526 |      27 |            17 |    169390
     4900 |     526 |      27 |            17 |    169290
     5000 |     530 |      27 |            17 |    169190
     5100 |     530 |      29 |            19 |    169090
     5200 |     530 |      31 |            20 |    168990
     5300 |     530 |      36 |            23 |    168890
     5400 |     531 |      39 |            25 |    168790
     5500 |     531 |      39 |            25 |    168690
     5600 |     532 |      42 |            26 |    168590
     5700 |     534 |      45 |            28 |    168490
     5800 |     537 |      54 |            32 |    168390
     5900 |     537 |      57 |            33 |    168290
     6000 |     537 |      61 |            34 |    168190
     6100 |     540 |      80 |            44 |    168090
     6200 |     544 |      81 |            45 |    167990
     6300 |     545 |      82 |            46 |    167890
     6400 |     545 |      82 |            46 |    167790
     6500 |     545 |      83 |            47 |    167690
     6600 |     545 |      83 |            47 |    167590
     6700 |     545 |      83 |            47 |    167490
     6800 |     545 |      83 |            47 |    167390
     6900 |     546 |      83 |            47 |    167290
     7000 |     549 |     101 |            51 |    167190
     7100 |     549 |     104 |            52 |    167090
     7200 |     549 |     104 |            52 |    166990
     7300 |     549 |     104 |            52 |    166890
     7400 |     549 |     104 |            52 |    166790
     7500 |     552 |     104 |            52 |    166690
     7600 |     552 |     104 |            52 |    166590
     7700 |     552 |     104 |            52 |    166490
     7800 |     562 |     104 |            52 |    166390
     7900 |     566 |     104 |            52 |    166290
     8000 |     567 |     110 |            54 |    166190
     8100 |     567 |     110 |            54 |    166090
     8200 |     570 |     110 |            54 |    165990
     8300 |     571 |     110 |            54 |    165890
     8400 |     571 |     110 |            54 |    165790
     8500 |     571 |     110 |            54 |    165690
     8600 |     571 |     110 |            54 |    165590
     8700 |     571 |     110 |            54 |    165490
     8800 |     572 |     110 |            54 |    165390
     8900 |     572 |     110 |            54 |    165290
     9000 |     572 |     110 |            54 |    165190
     9100 |     572 |     110 |            54 |    165090
     9200 |     572 |     110 |            54 |    164990
     9300 |     572 |     110 |            54 |    164890
     9400 |     572 |     110 |            54 |    164790
     9500 |     575 |     110 |            54 |    164690
     9600 |     576 |     110 |            54 |    164590
     9700 |     579 |     110 |            54 |    164490
     9800 |     580 |     110 |            54 |    164390
     9900 |     582 |     110 |            54 |    164290
    10000 |     585 |     110 |            54 |    164190
    10100 |     586 |     110 |            54 |    164090
    10200 |     586 |     117 |            56 |    163990
    10300 |     586 |     117 |            56 |    163890
    10400 |     586 |     117 |            56 |    163790
    10500 |     586 |     117 |            56 |    163690
    10600 |     586 |     117 |            56 |    163590
    10700 |     586 |     117 |            56 |    163490
    10800 |     586 |     117 |            56 |    163390
    10900 |     588 |     120 |            57 |    163290
    11000 |     588 |     120 |            57 |    163190
    11100 |     588 |     120 |            57 |    163090
    11200 |     589 |     125 |            59 |    162990
    11300 |     590 |     128 |            60 |    162890
    11400 |     590 |     128 |            60 |    162790
    11500 |     590 |     137 |            61 |    162690
    11600 |     590 |     137 |            61 |    162590
    11700 |     596 |     182 |            67 |    162490
    11800 |     597 |     198 |            69 |    162390
    11900 |     604 |     198 |            69 |    162290
    12000 |     605 |     198 |            69 |    162190
    12100 |     611 |     200 |            70 |    162090
    12200 |     614 |     200 |            70 |    161990
    12300 |     621 |     200 |            70 |    161890
    12400 |     638 |     200 |            70 |    161790
    12500 |     642 |     200 |            70 |    161690
    12600 |     645 |     200 |            70 |    161590
    12700 |     648 |     200 |            70 |    161490
    12800 |     654 |     201 |            71 |    161390
    12900 |     660 |     202 |            72 |    161290
    13000 |     666 |     205 |            73 |    161190
    13100 |     674 |     205 |            73 |    161090
    13200 |     682 |     205 |            73 |    160990
    13300 |     686 |     205 |            73 |    160890
    13400 |     688 |     205 |            73 |    160790
    13500 |     691 |     205 |            73 |    160690
    13600 |     695 |     205 |            73 |    160590
    13700 |     700 |     205 |            73 |    160490
    13800 |     709 |     205 |            73 |    160390
    13900 |     715 |     206 |            74 |    160290
    14000 |     718 |     206 |            74 |    160190
    14100 |     718 |     207 |            75 |    160090
    14200 |     722 |     209 |            77 |    159990
    14300 |     722 |     209 |            77 |    159890
    14400 |     722 |     209 |            77 |    159790
    14500 |     722 |     209 |            77 |    159690
    14600 |     722 |     209 |            77 |    159590
    14700 |     722 |     209 |            77 |    159490
    14800 |     722 |     209 |            77 |    159390
    14900 |     723 |     209 |            77 |    159290
    15000 |     729 |     210 |            78 |    159190
    15100 |     734 |     210 |            78 |    159090
    15200 |     734 |     210 |            78 |    158990
    15300 |     734 |     210 |            78 |    158890
    15400 |     734 |     223 |            83 |    158790
    15500 |     736 |     223 |            83 |    158690
    15600 |     736 |     223 |            83 |    158590
    15700 |     741 |     223 |            84 |    158490
    15800 |     742 |     233 |            89 |    158390
    15900 |     743 |     233 |            89 |    158290
    16000 |     743 |     233 |            89 |    158190
    16100 |     745 |     235 |            90 |    158090
    16200 |     746 |     235 |            90 |    157990
    16300 |     749 |     239 |            91 |    157890
    16400 |     753 |     239 |            91 |    157790
    16500 |     753 |     239 |            91 |    157690
    16600 |     753 |     239 |            91 |    157590
    16700 |     753 |     239 |            91 |    157490
    16800 |     756 |     239 |            91 |    157390
    16900 |     758 |     239 |            91 |    157290
    17000 |     764 |     239 |            91 |    157190
    17100 |     764 |     239 |            91 |    157090
    17200 |     764 |     239 |            91 |    156990
    17300 |     764 |     239 |            91 |    156890
    17400 |     764 |     239 |            91 |    156790
    17500 |     764 |     239 |            91 |    156690
    17600 |     764 |     239 |            91 |    156590
    17700 |     764 |     239 |            91 |    156490
    17800 |     764 |     239 |            91 |    156390
    17900 |     764 |     239 |            91 |    156290
    18000 |     764 |     239 |            91 |    156190
    18100 |     764 |     239 |            91 |    156090
    18200 |     764 |     239 |            91 |    155990
    18300 |     764 |     239 |            91 |    155890
    18400 |     764 |     239 |            91 |    155790
    18500 |     764 |     239 |            91 |    155690
    18600 |     764 |     239 |            91 |    155590
    18700 |     764 |     241 |            92 |    155490
    18800 |     764 |     241 |            92 |    155390
    18900 |     764 |     241 |            92 |    155290
    19000 |     764 |     241 |            92 |    155190
    19100 |     764 |     241 |            92 |    155090
    19200 |     764 |     241 |            92 |    154990
    19300 |     764 |     241 |            92 |    154890
    19400 |     764 |     241 |            92 |    154790
    19500 |     773 |     241 |            92 |    154690
    19600 |     780 |     241 |            92 |    154590
    19700 |     784 |     241 |            92 |    154490
    19800 |     787 |     241 |            92 |    154390
    19900 |     787 |     241 |            92 |    154290
    20000 |     787 |     241 |            92 |    154190
    20100 |     787 |     241 |            92 |    154090
    20200 |     787 |     243 |            93 |    153990
    20300 |     787 |     245 |            94 |    153890
    20400 |     787 |     249 |            96 |    153790
    20500 |     787 |     255 |            99 |    153690
    20600 |     787 |     255 |            99 |    153590
    20700 |     787 |     263 |           103 |    153490
    20800 |     791 |     267 |           105 |    153390
    20900 |     792 |     267 |           105 |    153290
    21000 |     794 |     267 |           105 |    153190
    21100 |     795 |     267 |           105 |    153090
    21200 |     795 |     267 |           105 |    152990
    21300 |     795 |     267 |           105 |    152890
    21400 |     798 |     270 |           107 |    152790
    21500 |     802 |     270 |           107 |    152690
    21600 |     805 |     270 |           107 |    152590
    21700 |     805 |     270 |           107 |    152490
    21800 |     805 |     270 |           107 |    152390
    21900 |     805 |     286 |           112 |    152290
    22000 |     805 |     290 |           114 |    152190
    22100 |     808 |     292 |           115 |    152090
    22200 |     808 |     292 |           115 |    151990
    22300 |     808 |     292 |           115 |    151890
    22400 |     809 |     305 |           117 |    151790
    22500 |     809 |     305 |           117 |    151690
    22600 |     809 |     305 |           117 |    151590
    22700 |     809 |     307 |           118 |    151490
    22800 |     809 |     312 |           120 |    151390
    22900 |     809 |     316 |           122 |    151290
    23000 |     811 |     316 |           122 |    151190
    23100 |     813 |     338 |           129 |    151090
    23200 |     813 |     338 |           129 |    150990
    23300 |     814 |     356 |           151 |    150890
    23400 |     821 |     584 |           204 |    150790
    23500 |     822 |     897 |           280 |    150690
    23600 |     823 |     897 |           280 |    150590
    23700 |     823 |     897 |           280 |    150490
    23800 |     823 |     897 |           280 |    150390
    23900 |     823 |     897 |           280 |    150290
    24000 |     823 |     897 |           280 |    150190
    24100 |     823 |     897 |           280 |    150090
    24200 |     823 |     897 |           280 |    149990
    24300 |     823 |     897 |           280 |    149890
    24400 |     823 |     897 |           280 |    149790
    24500 |     823 |     897 |           280 |    149690
    24600 |     823 |     897 |           280 |    149590
    24700 |     830 |     918 |           292 |    149490
    24800 |     830 |     930 |           304 |    149390
    24900 |     833 |     949 |           315 |    149290
    25000 |     843 |     949 |           315 |    149190
    25100 |     851 |     949 |           315 |    149090
    25200 |     854 |     969 |           325 |    148990
    25300 |     864 |     971 |           327 |    148890
    25400 |     864 |     971 |           327 |    148790
    25500 |     864 |     971 |           327 |    148690
    25600 |     864 |     971 |           327 |    148590
    25700 |     864 |     971 |           327 |    148490
    25800 |     883 |    1207 |           379 |    148390
    25900 |     889 |    1207 |           379 |    148290
    26000 |     889 |    1208 |           380 |    148190
    26100 |     889 |    1208 |           380 |    148090
    26200 |     889 |    1208 |           380 |    147990
    26300 |     892 |    1208 |           380 |    147890
    26400 |     895 |    1208 |           380 |    147790
    26500 |     900 |    1208 |           380 |    147690
    26600 |     905 |    1214 |           381 |    147590
    26700 |     905 |    1215 |           382 |    147490
    26800 |     905 |    1217 |           383 |    147390
    26900 |     910 |    1219 |           385 |    147290
    27000 |     919 |    1227 |           387 |    147190
    27100 |     926 |    1227 |           387 |    147090
    27200 |     929 |    1227 |           387 |    146990
    27300 |     929 |    1227 |           387 |    146890
    27400 |     930 |    1227 |           387 |    146790
    27500 |     930 |    1227 |           387 |    146690
    27600 |     930 |    1227 |           387 |    146590
    27700 |     933 |    1228 |           388 |    146490
    27800 |     933 |    1228 |           388 |    146390
    27900 |     940 |    1228 |           388 |    146290
    28000 |     951 |    1228 |           388 |    146190
    28100 |     954 |    1230 |           390 |    146090
    28200 |     955 |    1230 |           390 |    145990
    28300 |     955 |    1230 |           390 |    145890
    28400 |     955 |    1230 |           390 |    145790
    28500 |     956 |    1230 |           390 |    145690
    28600 |     956 |    1230 |           390 |    145590
    28700 |     956 |    1234 |           392 |    145490
    28800 |     962 |    1234 |           394 |    145390
    28900 |     969 |    1234 |           395 |    145290
    29000 |     972 |    1234 |           395 |    145190
    29100 |     975 |    1234 |           395 |    145090
    29200 |     986 |    1234 |           395 |    144990
    29300 |     986 |    1234 |           395 |    144890
    29400 |     986 |    1236 |           396 |    144790
    29500 |     986 |    1236 |           396 |    144690
    29600 |     991 |    1236 |           396 |    144590
    29700 |     991 |    1237 |           397 |    144490
    29800 |     995 |    1237 |           397 |    144390
    29900 |     997 |    1240 |           398 |    144290
    30000 |     997 |    1240 |           398 |    144190
    30100 |     997 |    1240 |           398 |    144090
    30200 |    1003 |    1243 |           399 |    143990
    30300 |    1010 |    1243 |           399 |    143890
    30400 |    1013 |    1243 |           399 |    143790
    30500 |    1030 |    1243 |           399 |    143690
    30600 |    1051 |    1243 |           399 |    143590
    30700 |    1051 |    1243 |           399 |    143490
    30800 |    1051 |    1243 |           399 |    143390
    30900 |    1051 |    1245 |           400 |    143290
    31000 |    1052 |    1247 |           401 |    143190
    31100 |    1052 |    1247 |           401 |    143090
    31200 |    1052 |    1247 |           401 |    142990
    31300 |    1052 |    1248 |           402 |    142890
    31400 |    1052 |    1250 |           403 |    142790
    31500 |    1059 |    1250 |           403 |    142690
    31600 |    1063 |    1261 |           410 |    142590
    31700 |    1070 |    1265 |           413 |    142490
    31800 |    1070 |    1265 |           413 |    142390
    31900 |    1070 |    1265 |           413 |    142290
    32000 |    1070 |    1265 |           416 |    142190
    32100 |    1070 |    1267 |           422 |    142090
    32200 |    1073 |    1270 |           424 |    141990
    32300 |    1074 |    1270 |           424 |    141890
    32400 |    1079 |    1270 |           424 |    141790
    32500 |    1084 |    1270 |           424 |    141690
    32600 |    1084 |    1270 |           424 |    141590
    32700 |    1084 |    1270 |           424 |    141490
    32800 |    1084 |    1272 |           425 |    141390
    32900 |    1084 |    1274 |           426 |    141290
    33000 |    1084 |    1274 |           426 |    141190
    33100 |    1084 |    1274 |           426 |    141090
    33200 |    1084 |    1274 |           426 |    140990
    33300 |    1084 |    1274 |           426 |    140890
    33400 |    1084 |    1274 |           426 |    140790
    33500 |    1084 |    1274 |           426 |    140690
    33600 |    1084 |    1276 |           427 |    140590
    33700 |    1084 |    1276 |           427 |    140490
    33800 |    1084 |    1276 |           427 |    140390
    33900 |    1085 |    1276 |           427 |    140290
    34000 |    1093 |    1276 |           427 |    140190
    34100 |    1099 |    1276 |           427 |    140090
    34200 |    1103 |    1340 |           436 |    139990
    34300 |    1106 |    1360 |           439 |    139890
    34400 |    1112 |    1360 |           439 |    139790
    34500 |    1116 |    1360 |           439 |    139690
    34600 |    1119 |    1360 |           439 |    139590
    34700 |    1120 |    1360 |           439 |    139490
    34800 |    1125 |    1372 |           443 |    139390
    34900 |    1132 |    1374 |           445 |    139290
    35000 |    1138 |    1374 |           445 |    139190
    35100 |    1144 |    1374 |           445 |    139090
    35200 |    1146 |    1374 |           445 |    138990
    35300 |    1154 |    1376 |           447 |    138890
    35400 |    1155 |    1382 |           451 |    138790
    35500 |    1163 |    1388 |           453 |    138690
    35600 |    1168 |    1388 |           453 |    138590
    35700 |    1168 |    1388 |           453 |    138490
    35800 |    1168 |    1388 |           453 |    138390
    35900 |    1169 |    1388 |           453 |    138290
    36000 |    1169 |    1388 |           453 |    138190
    36100 |    1169 |    1388 |           453 |    138090
    36200 |    1169 |    1388 |           453 |    137990
    36300 |    1169 |    1388 |           453 |    137890
    36400 |    1169 |    1388 |           453 |    137790
    36500 |    1169 |    1388 |           453 |    137690
    36600 |    1169 |    1388 |           453 |    137590
    36700 |    1169 |    1388 |           453 |    137490
    36800 |    1169 |    1388 |           453 |    137390
    36900 |    1169 |    1388 |           453 |    137290
    37000 |    1169 |    1388 |           453 |    137190
    37100 |    1169 |    1388 |           453 |    137090
    37200 |    1169 |    1388 |           453 |    136990
    37300 |    1169 |    1388 |           453 |    136890
    37400 |    1169 |    1388 |           453 |    136790
    37500 |    1169 |    1388 |           453 |    136690
    37600 |    1169 |    1388 |           453 |    136590
    37700 |    1169 |    1388 |           453 |    136490
    37800 |    1169 |    1388 |           453 |    136390
    37900 |    1169 |    1388 |           453 |    136290
    38000 |    1169 |    1388 |           453 |    136190
    38100 |    1169 |    1388 |           453 |    136090
    38200 |    1169 |    1388 |           453 |    135990
    38300 |    1169 |    1388 |           453 |    135890
    38400 |    1169 |    1388 |           453 |    135790
    38500 |    1169 |    1388 |           453 |    135690
    38600 |    1169 |    1388 |           453 |    135590
    38700 |    1169 |    1388 |           453 |    135490
    38800 |    1169 |    1388 |           453 |    135390
    38900 |    1169 |    1388 |           453 |    135290
    39000 |    1169 |    1388 |           453 |    135190
    39100 |    1169 |    1388 |           453 |    135090
    39200 |    1169 |    1388 |           453 |    134990
    39300 |    1169 |    1388 |           453 |    134890
    39400 |    1169 |    1388 |           453 |    134790
    39500 |    1169 |    1388 |           453 |    134690
    39600 |    1169 |    1388 |           453 |    134590
    39700 |    1169 |    1388 |           453 |    134490
    39800 |    1169 |    1388 |           453 |    134390
    39900 |    1169 |    1388 |           453 |    134290
    40000 |    1170 |    1388 |           453 |    134190
    40100 |    1177 |    1395 |           459 |    134090
    40200 |    1183 |    1395 |           460 |    133990
    40300 |    1193 |    1395 |           460 |    133890
    40400 |    1199 |    1397 |           461 |    133790
    40500 |    1199 |    1397 |           461 |    133690
    40600 |    1203 |    1397 |           461 |    133590
    40700 |    1204 |    1397 |           461 |    133490
    40800 |    1209 |    1459 |           479 |    133390
    40900 |    1209 |    1619 |           524 |    133290
    41000 |    1215 |    1619 |           525 |    133190
    41100 |    1223 |    1620 |           527 |    133090
    41200 |    1229 |    1620 |           527 |    132990
    41300 |    1238 |    1621 |           528 |    132890
    41400 |    1238 |    1621 |           528 |    132790
    41500 |    1242 |    1621 |           528 |    132690
    41600 |    1247 |    1621 |           528 |    132590
    41700 |    1252 |    1622 |           529 |    132490
    41800 |    1256 |    1622 |           529 |    132390
    41900 |    1264 |    1622 |           529 |    132290
    42000 |    1266 |    1624 |           532 |    132190
    42100 |    1284 |    1624 |           532 |    132090
    42200 |    1287 |    1624 |           532 |    131990
    42300 |    1289 |    1624 |           532 |    131890
    42400 |    1290 |    1626 |           534 |    131790
    42500 |    1290 |    1626 |           534 |    131690
    42600 |    1296 |    1627 |           535 |    131590
    42700 |    1305 |    1627 |           535 |    131490
    42800 |    1309 |    1627 |           535 |    131390
    42900 |    1309 |    1628 |           536 |    131290
    43000 |    1312 |    1628 |           536 |    131190
    43100 |    1320 |    1631 |           541 |    131090
    43200 |    1321 |    1631 |           541 |    130990
    43300 |    1323 |    1645 |           547 |    130890
    43400 |    1326 |    1648 |           550 |    130790
    43500 |    1326 |    1648 |           550 |    130690
    43600 |    1329 |    1648 |           550 |    130590
    43700 |    1337 |    1648 |           550 |    130490
    43800 |    1345 |    1648 |           550 |    130390
    43900 |    1355 |    1649 |           551 |    130290
    44000 |    1355 |    1650 |           552 |    130190
    44100 |    1355 |    1651 |           553 |    130090
    44200 |    1360 |    1651 |           553 |    129990
    44300 |    1360 |    1652 |           554 |    129890
    44400 |    1365 |    1656 |           557 |    129790
    44500 |    1365 |    1656 |           557 |    129690
    44600 |    1367 |    1657 |           558 |    129590
    44700 |    1368 |    1659 |           560 |    129490
    44800 |    1376 |    1659 |           560 |    129390
    44900 |    1382 |    1659 |           560 |    129290
    45000 |    1393 |    1659 |           560 |    129190
    45100 |    1394 |    1659 |           560 |    129090
    45200 |    1395 |    1660 |           561 |    128990
    45300 |    1396 |    1661 |           563 |    128890
    45400 |    1397 |    1661 |           563 |    128790
    45500 |    1398 |    1661 |           563 |    128690
    45600 |    1402 |    1662 |           564 |    128590
    45700 |    1411 |    1673 |           567 |    128490
    45800 |    1413 |    1673 |           567 |    128390
    45900 |    1415 |    1673 |           567 |    128290
    46000 |    1420 |    1673 |           567 |    128190
    46100 |    1426 |    1673 |           567 |    128090
    46200 |    1436 |    1673 |           567 |    127990
    46300 |    1436 |    1680 |           568 |    127890
    46400 |    1436 |    1680 |           568 |    127790
    46500 |    1440 |    1681 |           569 |    127690
    46600 |    1462 |    1681 |           569 |    127590
    46700 |    1473 |    1681 |           569 |    127490
    46800 |    1487 |    1681 |           569 |    127390
    46900 |    1494 |    1689 |           571 |    127290
    47000 |    1500 |    1689 |           571 |    127190
    47100 |    1511 |    1689 |           571 |    127090
    47200 |    1516 |    1691 |           573 |    126990
    47300 |    1518 |    1691 |           573 |    126890
    47400 |    1531 |    1691 |           573 |    126790
    47500 |    1539 |    1691 |           573 |    126690
    47600 |    1539 |    1691 |           573 |    126590
    47700 |    1540 |    1691 |           573 |    126490
    47800 |    1544 |    1693 |           575 |    126390
    47900 |    1549 |    1693 |           575 |    126290
    48000 |    1550 |    1693 |           575 |    126190
    48100 |    1553 |    1693 |           575 |    126090
    48200 |    1558 |    1693 |           575 |    125990
    48300 |    1565 |    1694 |           576 |    125890
    48400 |    1570 |    1698 |           577 |    125790
    48500 |    1580 |    1698 |           577 |    125690
    48600 |    1584 |    1698 |           577 |    125590
    48700 |    1588 |    1698 |           577 |    125490
    48800 |    1598 |    1700 |           579 |    125390
    48900 |    1602 |    1700 |           579 |    125290
    49000 |    1602 |    1700 |           579 |    125190
    49100 |    1608 |    1700 |           579 |    125090
    49200 |    1608 |    1700 |           579 |    124990
    49300 |    1608 |    1700 |           579 |    124890
    49400 |    1613 |    1703 |           582 |    124790
    49500 |    1619 |    1703 |           582 |    124690
    49600 |    1624 |    1703 |           582 |    124590
    49700 |    1636 |    1703 |           582 |    124490
    49800 |    1642 |    1704 |           583 |    124390
    49900 |    1663 |    1712 |           584 |    124290
    50000 |    1667 |    1712 |           584 |    124190
    50100 |    1671 |    1712 |           584 |    124090
    50200 |    1677 |    1712 |           584 |    123990
    50300 |    1683 |    1712 |           584 |    123890
    50400 |    1689 |    1712 |           584 |    123790
    50500 |    1696 |    1716 |           586 |    123690
    50600 |    1702 |    1721 |           588 |    123590
    50700 |    1709 |    1721 |           588 |    123490
    50800 |    1715 |    1721 |           588 |    123390
    50900 |    1715 |    1721 |           588 |    123290
    51000 |    1715 |    1721 |           588 |    123190
    51100 |    1718 |    1721 |           588 |    123090
    51200 |    1721 |    1722 |           590 |    122990
    51300 |    1731 |    1722 |           590 |    122890
    51400 |    1739 |    1722 |           590 |    122790
    51500 |    1746 |    1726 |           591 |    122690
    51600 |    1759 |    1755 |           612 |    122590
    51700 |    1763 |    1769 |           626 |    122490
    51800 |    1764 |    1769 |           626 |    122390
    51900 |    1767 |    1769 |           626 |    122290
    52000 |    1769 |    1769 |           626 |    122190
    52100 |    1771 |    1769 |           626 |    122090
    52200 |    1773 |    1769 |           626 |    121990
    52300 |    1776 |    1770 |           627 |    121890
    52400 |    1786 |    1771 |           628 |    121790
    52500 |    1793 |    1778 |           631 |    121690
    52600 |    1793 |    1778 |           631 |    121590
    52700 |    1798 |    1783 |           632 |    121490
    52800 |    1800 |    1783 |           632 |    121390
    52900 |    1800 |    1785 |           634 |    121290
    53000 |    1800 |    1785 |           634 |    121190
    53100 |    1807 |    1785 |           634 |    121090
    53200 |    1809 |    1786 |           635 |    120990
    53300 |    1821 |    1786 |           635 |    120890
    53400 |    1833 |    1786 |           635 |    120790
    53500 |    1834 |    1786 |           635 |    120690
    53600 |    1838 |    1786 |           635 |    120590
    53700 |    1839 |    1786 |           635 |    120490
    53800 |    1846 |    1786 |           635 |    120390
    53900 |    1858 |    1786 |           635 |    120290
    54000 |    1868 |    1787 |           636 |    120190
    54100 |    1870 |    1787 |           682 |    120090
    54200 |    1871 |    1787 |           703 |    119990
    54300 |    1871 |    1787 |           703 |    119890
    54400 |    1872 |    1787 |           703 |    119790
    54500 |    1873 |    1788 |           704 |    119690
    54600 |    1876 |    1790 |           706 |    119590
    54700 |    1878 |    1790 |           706 |    119490
    54800 |    1879 |    1790 |           706 |    119390
    54900 |    1879 |    1791 |           707 |    119290
    55000 |    1893 |    1791 |           707 |    119190
    55100 |    1893 |    1791 |           707 |    119090
    55200 |    1893 |    1792 |           708 |    118990
    55300 |    1893 |    1792 |           708 |    118890
    55400 |    1895 |    1792 |           708 |    118790
    55500 |    1898 |    1794 |           710 |    118690
    55600 |    1907 |    1794 |           710 |    118590
    55700 |    1914 |    1794 |           710 |    118490
    55800 |    1915 |    1794 |           710 |    118390
    55900 |    1920 |    1794 |           710 |    118290
    56000 |    1922 |    1794 |           710 |    118190
    56100 |    1922 |    1802 |           711 |    118090
    56200 |    1922 |    1802 |           711 |    117990
    56300 |    1922 |    1802 |           711 |    117890
    56400 |    1928 |    1802 |           711 |    117790
    56500 |    1930 |    1802 |           711 |    117690
    56600 |    1931 |    1802 |           711 |    117590
    56700 |    1932 |    1802 |           711 |    117490
    56800 |    1932 |    1802 |           711 |    117390
    56900 |    1933 |    1802 |           711 |    117290
    57000 |    1934 |    1802 |           711 |    117190
    57100 |    1945 |    1802 |           711 |    117090
    57200 |    1953 |    1802 |           711 |    116990
    57300 |    1959 |    1804 |           712 |    116890
    57400 |    1959 |    1804 |           712 |    116790
    57500 |    1959 |    1844 |           744 |    116690
    57600 |    1965 |    1847 |           747 |    116590
    57700 |    1975 |    1857 |           749 |    116490
    57800 |    1979 |    1857 |           749 |    116390
    57900 |    2001 |    1857 |           749 |    116290
    58000 |    2013 |    1857 |           749 |    116190
    58100 |    2013 |    1857 |           749 |    116090
    58200 |    2013 |    1857 |           749 |    115990
    58300 |    2015 |    1857 |           749 |    115890
    58400 |    2016 |    1857 |           749 |    115790
    58500 |    2017 |    1857 |           749 |    115690
    58600 |    2020 |    1857 |           749 |    115590
    58700 |    2022 |    1857 |           749 |    115490
    58800 |    2027 |    1857 |           749 |    115390
    58900 |    2027 |    1857 |           749 |    115290
    59000 |    2027 |    1857 |           749 |    115190
    59100 |    2027 |    1857 |           749 |    115090
    59200 |    2027 |    1857 |           749 |    114990
    59300 |    2031 |    1857 |           749 |    114890
    59400 |    2031 |    1857 |           749 |    114790
    59500 |    2033 |    1857 |           749 |    114690
    59600 |    2038 |    1857 |           749 |    114590
    59700 |    2057 |    1857 |           749 |    114490
    59800 |    2061 |    1857 |           749 |    114390
    59900 |    2063 |    1857 |           749 |    114290
    60000 |    2064 |    1857 |           749 |    114190
    60100 |    2064 |    1857 |           749 |    114090
    60200 |    2064 |    1857 |           749 |    113990
    60300 |    2065 |    1857 |           763 |    113890
    60400 |    2077 |    1857 |           853 |    113790
    60500 |    2082 |    1857 |           943 |    113690
    60600 |    2095 |    1857 |          1033 |    113590
    60700 |    2106 |    1857 |          1111 |    113490
    60800 |    2106 |    1857 |          1111 |    113390
    60900 |    2106 |    1857 |          1111 |    113290
    61000 |    2106 |    1859 |          1112 |    113190
    61100 |    2111 |    1859 |          1112 |    113090
    61200 |    2111 |    1859 |          1112 |    112990
    61300 |    2111 |    1859 |          1112 |    112890
    61400 |    2111 |    1876 |          1134 |    112790
    61500 |    2111 |    1898 |          1154 |    112690
    61600 |    2115 |    1899 |          1155 |    112590
    61700 |    2121 |    1903 |          1159 |    112490
    61800 |    2132 |    1911 |          1165 |    112390
    61900 |    2136 |    1911 |          1165 |    112290
    62000 |    2136 |    1912 |          1166 |    112190
    62100 |    2138 |    1912 |          1166 |    112090
    62200 |    2139 |    1912 |          1166 |    111990
    62300 |    2145 |    1912 |          1166 |    111890
    62400 |    2145 |    1912 |          1166 |    111790
    62500 |    2145 |    1912 |          1166 |    111690
    62600 |    2147 |    1912 |          1169 |    111590
    62700 |    2147 |    1912 |          1204 |    111490
    62800 |    2158 |    1913 |          1205 |    111390
    62900 |    2162 |    1917 |          1207 |    111290
    63000 |    2171 |    1917 |          1207 |    111190
    63100 |    2171 |    1917 |          1207 |    111090
    63200 |    2171 |    1917 |          1207 |    110990
    63300 |    2171 |    1917 |          1207 |    110890
    63400 |    2171 |    1917 |          1207 |    110790
    63500 |    2171 |    1917 |          1207 |    110690
    63600 |    2173 |    1917 |          1207 |    110590
    63700 |    2174 |    1917 |          1207 |    110490
    63800 |    2176 |    1917 |          1207 |    110390
    63900 |    2180 |    1917 |          1207 |    110290
    64000 |    2185 |    1917 |          1207 |    110190
    64100 |    2185 |    1917 |          1207 |    110090
    64200 |    2186 |    1917 |          1207 |    109990
    64300 |    2186 |    1917 |          1207 |    109890
    64400 |    2197 |    1917 |          1207 |    109790
    64500 |    2198 |    1917 |          1207 |    109690
    64600 |    2201 |    1917 |          1207 |    109590
    64700 |    2201 |    1917 |          1207 |    109490
    64800 |    2201 |    1917 |          1207 |    109390
    64900 |    2202 |    1917 |          1232 |    109290
    65000 |    2203 |    1917 |          1277 |    109190
    65100 |    2204 |    1917 |          1359 |    109090
    65200 |    2209 |    1917 |          1448 |    108990
    65300 |    2211 |    1917 |          1496 |    108890
    65400 |    2211 |    1917 |          1525 |    108790
    65500 |    2211 |    1917 |          1546 |    108690
    65600 |    2212 |    1918 |          1547 |    108590
    65700 |    2215 |    1918 |          1547 |    108490
    65800 |    2216 |    1918 |          1547 |    108390
    65900 |    2217 |    1918 |          1547 |    108290
    66000 |    2218 |    1918 |          1547 |    108190
    66100 |    2230 |    1918 |          1547 |    108090
    66200 |    2237 |    1919 |          1548 |    107990
    66300 |    2244 |    1920 |          1549 |    107890
    66400 |    2253 |    1922 |          1550 |    107790
    66500 |    2257 |    1922 |          1550 |    107690
    66600 |    2257 |    1923 |          1551 |    107590
    66700 |    2259 |    1937 |          1571 |    107490
    66800 |    2262 |    1937 |          1573 |    107390
    66900 |    2262 |    1937 |          1573 |    107290
    67000 |    2262 |    1937 |          1573 |    107190
    67100 |    2262 |    1937 |          1573 |    107090
    67200 |    2262 |    1941 |          1574 |    106990
    67300 |    2262 |    1973 |          1609 |    106890
    67400 |    2263 |    1978 |          1614 |    106790
    67500 |    2263 |    1981 |          1615 |    106690
    67600 |    2267 |    1981 |          1615 |    106590
    67700 |    2273 |    1981 |          1615 |    106490
    67800 |    2273 |    1981 |          1615 |    106390
    67900 |    2273 |    1981 |          1615 |    106290
    68000 |    2273 |    1981 |          1615 |    106190
    68100 |    2273 |    1981 |          1615 |    106090
    68200 |    2273 |    1981 |          1615 |    105990
    68300 |    2273 |    1981 |          1615 |    105890
    68400 |    2273 |    1981 |          1615 |    105790
    68500 |    2273 |    1981 |          1615 |    105690
    68600 |    2274 |    1981 |          1615 |    105590
    68700 |    2280 |    1981 |          1615 |    105490
    68800 |    2282 |    1981 |          1615 |    105390
    68900 |    2289 |    1981 |          1615 |    105290
    69000 |    2294 |    1981 |          1615 |    105190
    69100 |    2296 |    1981 |          1615 |    105090
    69200 |    2297 |    1981 |          1615 |    104990
    69300 |    2299 |    1982 |          1616 |    104890
    69400 |    2302 |    1985 |          1617 |    104790
    69500 |    2305 |    1991 |          1618 |    104690
    69600 |    2306 |    1991 |          1618 |    104590
    69700 |    2308 |    1995 |          1619 |    104490
    69800 |    2308 |    1995 |          1619 |    104390
    69900 |    2308 |    1995 |          1625 |    104290
    70000 |    2309 |    1995 |          1686 |    104190
    70100 |    2312 |    1995 |          1716 |    104090
    70200 |    2317 |    1995 |          1794 |    103990
    70300 |    2324 |    1995 |          1848 |    103890
    70400 |    2324 |    1995 |          1848 |    103790
    70500 |    2324 |    1995 |          1848 |    103690
    70600 |    2324 |    1995 |          1848 |    103590
    70700 |    2330 |    1995 |          1848 |    103490
    70800 |    2331 |    1995 |          1848 |    103390
    70900 |    2331 |    1995 |          1848 |    103290
    71000 |    2331 |    1995 |          1848 |    103190
    71100 |    2335 |    1995 |          1848 |    103090
    71200 |    2343 |    1995 |          1848 |    102990
    71300 |    2349 |    1995 |          1848 |    102890
    71400 |    2355 |    1995 |          1848 |    102790
    71500 |    2361 |    1995 |          1848 |    102690
    71600 |    2373 |    1995 |          1848 |    102590
    71700 |    2377 |    1996 |          1849 |    102490
    71800 |    2377 |    1996 |          1849 |    102390
    71900 |    2411 |    1996 |          1849 |    102290
    72000 |    2425 |    1997 |          1850 |    102190
    72100 |    2426 |    2004 |          1853 |    102090
    72200 |    2426 |    2004 |          1853 |    101990
    72300 |    2426 |    2005 |          1854 |    101890
    72400 |    2428 |    2027 |          1857 |    101790
    72500 |    2429 |    2033 |          1859 |    101690
    72600 |    2439 |    2034 |          1860 |    101590
    72700 |    2441 |    2036 |          1862 |    101490
    72800 |    2441 |    2036 |          1862 |    101390
    72900 |    2441 |    2036 |          1862 |    101290
    73000 |    2441 |    2036 |          1862 |    101190
    73100 |    2441 |    2036 |          1862 |    101090
    73200 |    2441 |    2036 |          1862 |    100990
    73300 |    2441 |    2036 |          1862 |    100890
    73400 |    2441 |    2036 |          1862 |    100790
    73500 |    2441 |    2036 |          1862 |    100690
    73600 |    2441 |    2036 |          1862 |    100590
    73700 |    2441 |    2036 |          1862 |    100490
    73800 |    2442 |    2036 |          1862 |    100390
    73900 |    2446 |    2039 |          1863 |    100290
    74000 |    2449 |    2039 |          1863 |    100190
    74100 |    2461 |    2039 |          1863 |    100090
    74200 |    2465 |    2039 |          1863 |     99990
    74300 |    2469 |    2039 |          1863 |     99890
    74400 |    2469 |    2039 |          1863 |     99790
    74500 |    2471 |    2041 |          1864 |     99690
    74600 |    2471 |    2041 |          1864 |     99590
    74700 |    2471 |    2041 |          1864 |     99490
    74800 |    2473 |    2042 |          1865 |     99390
    74900 |    2478 |    2042 |          1865 |     99290
    75000 |    2481 |    2048 |          1866 |     99190
    75100 |    2483 |    2048 |          1866 |     99090
    75200 |    2487 |    2048 |          1866 |     98990
    75300 |    2487 |    2048 |          1866 |     98890
    75400 |    2487 |    2048 |          1866 |     98790
    75500 |    2491 |    2048 |          1896 |     98690
    75600 |    2514 |    2048 |          1987 |     98590
    75700 |    2526 |    2048 |          2077 |     98490
    75800 |    2547 |    2048 |          2167 |     98390
    75900 |    2565 |    2048 |          2228 |     98290
    76000 |    2567 |    2048 |          2231 |     98190
    76100 |    2570 |    2048 |          2238 |     98090
    76200 |    2572 |    2048 |          2238 |     97990
    76300 |    2582 |    2048 |          2238 |     97890
    76400 |    2584 |    2048 |          2238 |     97790
    76500 |    2584 |    2048 |          2238 |     97690
    76600 |    2590 |    2048 |          2238 |     97590
    76700 |    2590 |    2048 |          2238 |     97490
    76800 |    2591 |    2048 |          2238 |     97390
    76900 |    2596 |    2048 |          2238 |     97290
    77000 |    2596 |    2048 |          2238 |     97190
    77100 |    2596 |    2048 |          2238 |     97090
    77200 |    2596 |    2048 |          2238 |     96990
    77300 |    2596 |    2048 |          2238 |     96890
    77400 |    2596 |    2048 |          2238 |     96790
    77500 |    2596 |    2048 |          2238 |     96690
    77600 |    2596 |    2048 |          2238 |     96590
    77700 |    2596 |    2048 |          2238 |     96490
    77800 |    2596 |    2048 |          2238 |     96390
    77900 |    2605 |    2056 |          2239 |     96290
    78000 |    2609 |    2056 |          2239 |     96190
    78100 |    2620 |    2056 |          2239 |     96090
    78200 |    2622 |    2056 |          2239 |     95990
    78300 |    2627 |    2056 |          2239 |     95890
    78400 |    2634 |    2056 |          2239 |     95790
    78500 |    2646 |    2056 |          2239 |     95690
    78600 |    2653 |    2056 |          2239 |     95590
    78700 |    2657 |    2056 |          2239 |     95490
    78800 |    2657 |    2056 |          2239 |     95390
    78900 |    2657 |    2061 |          2240 |     95290
    79000 |    2657 |    2061 |          2240 |     95190
    79100 |    2659 |    2061 |          2240 |     95090
    79200 |    2659 |    2062 |          2241 |     94990
    79300 |    2662 |    2066 |          2264 |     94890
    79400 |    2663 |    2089 |          2347 |     94790
    79500 |    2664 |    2092 |          2349 |     94690
    79600 |    2666 |    2092 |          2349 |     94590
    79700 |    2667 |    2092 |          2349 |     94490
    79800 |    2673 |    2095 |          2350 |     94390
    79900 |    2675 |    2095 |          2350 |     94290
    80000 |    2676 |    2096 |          2351 |     94190
    80100 |    2676 |    2096 |          2351 |     94090
    80200 |    2676 |    2096 |          2351 |     93990
    80300 |    2676 |    2099 |          2354 |     93890
    80400 |    2676 |    2099 |          2354 |     93790
    80500 |    2676 |    2099 |          2354 |     93690
    80600 |    2676 |    2099 |          2354 |     93590
    80700 |    2676 |    2099 |          2354 |     93490
    80800 |    2676 |    2099 |          2354 |     93390
    80900 |    2676 |    2099 |          2354 |     93290
    81000 |    2676 |    2099 |          2354 |     93190
    81100 |    2676 |    2099 |          2354 |     93090
    81200 |    2676 |    2099 |          2354 |     92990
    81300 |    2676 |    2099 |          2354 |     92890
    81400 |    2676 |    2099 |          2354 |     92790
    81500 |    2676 |    2099 |          2354 |     92690
    81600 |    2676 |    2099 |          2354 |     92590
    81700 |    2676 |    2099 |          2354 |     92490
    81800 |    2677 |    2099 |          2354 |     92390
    81900 |    2682 |    2099 |          2354 |     92290
    82000 |    2690 |    2099 |          2354 |     92190
    82100 |    2691 |    2099 |          2354 |     92090
    82200 |    2691 |    2099 |          2354 |     91990
    82300 |    2694 |    2099 |          2354 |     91890
    82400 |    2694 |    2099 |          2354 |     91790
    82500 |    2695 |    2099 |          2354 |     91690
    82600 |    2700 |    2106 |          2357 |     91590
    82700 |    2701 |    2106 |          2357 |     91490
    82800 |    2708 |    2142 |          2377 |     91390
    82900 |    2710 |    2165 |          2400 |     91290
    83000 |    2713 |    2165 |          2400 |     91190
    83100 |    2719 |    2166 |          2401 |     91090
    83200 |    2725 |    2166 |          2401 |     90990
    83300 |    2736 |    2166 |          2401 |     90890
    83400 |    2741 |    2166 |          2401 |     90790
    83500 |    2742 |    2166 |          2401 |     90690
    83600 |    2744 |    2166 |          2401 |     90590
    83700 |    2748 |    2166 |          2401 |     90490
    83800 |    2751 |    2166 |          2401 |     90390
    83900 |    2751 |    2166 |          2401 |     90290
    84000 |    2751 |    2166 |          2401 |     90190
    84100 |    2751 |    2166 |          2401 |     90090
    84200 |    2751 |    2183 |          2402 |     89990
    84300 |    2759 |    2183 |          2402 |     89890
    84400 |    2762 |    2183 |          2402 |     89790
    84500 |    2765 |    2183 |          2402 |     89690
    84600 |    2780 |    2183 |          2402 |     89590
    84700 |    2794 |    2183 |          2402 |     89490
    84800 |    2812 |    2183 |          2402 |     89390
    84900 |    2817 |    2183 |          2402 |     89290
    85000 |    2821 |    2183 |          2402 |     89190
    85100 |    2826 |    2183 |          2402 |     89090
    85200 |    2827 |    2183 |          2402 |     88990
    85300 |    2827 |    2183 |          2402 |     88890
    85400 |    2828 |    2183 |          2402 |     88790
    85500 |    2831 |    2183 |          2402 |     88690
    85600 |    2834 |    2205 |          2410 |     88590
    85700 |    2836 |    2205 |          2410 |     88490
    85800 |    2845 |    2205 |          2410 |     88390
    85900 |    2850 |    2205 |          2410 |     88290
    86000 |    2854 |    2205 |          2410 |     88190
    86100 |    2859 |    2205 |          2410 |     88090
    86200 |    2861 |    2205 |          2410 |     87990
    86300 |    2866 |    2205 |          2410 |     87890
    86400 |    2869 |    2205 |          2410 |     87790
    86500 |    2878 |    2205 |          2410 |     87690
    86600 |    2883 |    2205 |          2410 |     87590
    86700 |    2885 |    2205 |          2410 |     87490
    86800 |    2888 |    2205 |          2410 |     87390
    86900 |    2888 |    2210 |          2412 |     87290
    87000 |    2888 |    2210 |          2412 |     87190
    87100 |    2888 |    2228 |          2419 |     87090
    87200 |    2888 |    2228 |          2419 |     86990
    87300 |    2889 |    2228 |          2419 |     86890
    87400 |    2898 |    2228 |          2419 |     86790
    87500 |    2901 |    2231 |          2420 |     86690
    87600 |    2901 |    2231 |          2420 |     86590
    87700 |    2905 |    2238 |          2422 |     86490
    87800 |    2905 |    2238 |          2422 |     86390
    87900 |    2905 |    2238 |          2422 |     86290
    88000 |    2905 |    2238 |          2422 |     86190
    88100 |    2906 |    2239 |          2423 |     86090
    88200 |    2911 |    2239 |          2423 |     85990
    88300 |    2914 |    2239 |          2423 |     85890
    88400 |    2920 |    2239 |          2423 |     85790
    88500 |    2923 |    2239 |          2423 |     85690
    88600 |    2926 |    2239 |          2423 |     85590
    88700 |    2926 |    2239 |          2423 |     85490
    88800 |    2931 |    2239 |          2423 |     85390
    88900 |    2931 |    2239 |          2426 |     85290
    89000 |    2934 |    2239 |          2437 |     85190
    89100 |    2936 |    2239 |          2437 |     85090
    89200 |    2936 |    2239 |          2437 |     84990
    89300 |    2936 |    2239 |          2437 |     84890
    89400 |    2936 |    2239 |          2437 |     84790
    89500 |    2936 |    2239 |          2437 |     84690
    89600 |    2936 |    2239 |          2437 |     84590
    89700 |    2936 |    2239 |          2437 |     84490
    89800 |    2936 |    2239 |          2437 |     84390
    89900 |    2936 |    2239 |          2437 |     84290
    90000 |    2936 |    2239 |          2437 |     84190
    90100 |    2936 |    2239 |          2437 |     84090
    90200 |    2936 |    2239 |          2437 |     83990
    90300 |    2936 |    2239 |          2437 |     83890
    90400 |    2936 |    2239 |          2437 |     83790
    90500 |    2936 |    2239 |          2437 |     83690
    90600 |    2937 |    2239 |          2437 |     83590
    90700 |    2939 |    2239 |          2437 |     83490
    90800 |    2949 |    2240 |          2438 |     83390
    90900 |    2956 |    2240 |          2438 |     83290
    91000 |    2961 |    2240 |          2438 |     83190
    91100 |    2969 |    2316 |          2481 |     83090
    91200 |    2970 |    2340 |          2488 |     82990
    91300 |    2976 |    2342 |          2490 |     82890
    91400 |    2980 |    2342 |          2490 |     82790
    91500 |    2982 |    2342 |          2490 |     82690
    91600 |    2987 |    2342 |          2490 |     82590
    91700 |    2990 |    2342 |          2490 |     82490
    91800 |    2991 |    2342 |          2490 |     82390
    91900 |    2991 |    2342 |          2520 |     82290
    92000 |    2994 |    2342 |          2560 |     82190
    92100 |    2994 |    2342 |          2571 |     82090
    92200 |    2995 |    2342 |          2578 |     81990
    92300 |    2995 |    2342 |          2579 |     81890
    92400 |    2995 |    2342 |          2624 |     81790
    92500 |    2995 |    2342 |          2669 |     81690
    92600 |    2995 |    2366 |          2713 |     81590
    92700 |    2995 |    2378 |          2715 |     81490
    92800 |    2995 |    2378 |          2715 |     81390
    92900 |    2996 |    2378 |          2715 |     81290
    93000 |    3000 |    2378 |          2715 |     81190
    93100 |    3013 |    2378 |          2715 |     81090
    93200 |    3032 |    2378 |          2715 |     80990
    93300 |    3048 |    2378 |          2715 |     80890
    93400 |    3063 |    2378 |          2715 |     80790
    93500 |    3071 |    2378 |          2715 |     80690
    93600 |    3090 |    2378 |          2715 |     80590
    93700 |    3098 |    2378 |          2715 |     80490
    93800 |    3111 |    2378 |          2715 |     80390
    93900 |    3120 |    2378 |          2715 |     80290
    94000 |    3123 |    2378 |          2715 |     80190
    94100 |    3131 |    2378 |          2715 |     80090
    94200 |    3132 |    2378 |          2715 |     79990
    94300 |    3135 |    2378 |          2715 |     79890
    94400 |    3137 |    2378 |          2715 |     79790
    94500 |    3137 |    2378 |          2715 |     79690
    94600 |    3138 |    2378 |          2715 |     79590
    94700 |    3142 |    2378 |          2715 |     79490
    94800 |    3146 |    2378 |          2715 |     79390
    94900 |    3149 |    2378 |          2715 |     79290
    95000 |    3152 |    2378 |          2715 |     79190
    95100 |    3158 |    2378 |          2715 |     79090
    95200 |    3166 |    2378 |          2715 |     78990
    95300 |    3177 |    2378 |          2715 |     78890
    95400 |    3179 |    2378 |          2715 |     78790
    95500 |    3182 |    2378 |          2715 |     78690
    95600 |    3182 |    2378 |          2715 |     78590
    95700 |    3189 |    2378 |          2715 |     78490
    95800 |    3194 |    2378 |          2715 |     78390
    95900 |    3197 |    2378 |          2715 |     78290
    96000 |    3197 |    2378 |          2715 |     78190
    96100 |    3203 |    2378 |          2715 |     78090
    96200 |    3209 |    2378 |          2715 |     77990
    96300 |    3210 |    2378 |          2715 |     77890
    96400 |    3213 |    2378 |          2715 |     77790
    96500 |    3215 |    2378 |          2715 |     77690
    96600 |    3221 |    2378 |          2715 |     77590
    96700 |    3229 |    2378 |          2715 |     77490
    96800 |    3233 |    2378 |          2715 |     77390
    96900 |    3236 |    2378 |          2715 |     77290
    97000 |    3241 |    2378 |          2715 |     77190
    97100 |    3246 |    2378 |          2715 |     77090
    97200 |    3249 |    2378 |          2715 |     76990
    97300 |    3256 |    2378 |          2715 |     76890
    97400 |    3258 |    2378 |          2715 |     76790
    97500 |    3258 |    2378 |          2715 |     76690
    97600 |    3265 |    2378 |          2715 |     76590
    97700 |    3266 |    2380 |          2716 |     76490
    97800 |    3269 |    2380 |          2747 |     76390
    97900 |    3269 |    2380 |          2797 |     76290
    98000 |    3270 |    2382 |          2821 |     76190
    98100 |    3271 |    2382 |          2821 |     76090
    98200 |    3274 |    2383 |          2822 |     75990
    98300 |    3275 |    2383 |          2822 |     75890
    98400 |    3276 |    2383 |          2822 |     75790
    98500 |    3276 |    2383 |          2822 |     75690
    98600 |    3279 |    2383 |          2822 |     75590
    98700 |    3285 |    2383 |          2822 |     75490
    98800 |    3288 |    2427 |          2832 |     75390
    98900 |    3288 |    2432 |          2837 |     75290
    99000 |    3288 |    2432 |          2837 |     75190
    99100 |    3288 |    2432 |          2837 |     75090
    99200 |    3288 |    2432 |          2837 |     74990
    99300 |    3288 |    2432 |          2837 |     74890
    99400 |    3288 |    2432 |          2837 |     74790
    99500 |    3288 |    2432 |          2837 |     74690
    99600 |    3288 |    2432 |          2837 |     74590
    99700 |    3288 |    2432 |          2837 |     74490
    99800 |    3288 |    2432 |          2837 |     74390
    99900 |    3288 |    2432 |          2837 |     74290
   100000 |    3288 |    2432 |          2837 |     74190
   100100 |    3288 |    2432 |          2837 |     74090
   100200 |    3288 |    2432 |          2837 |     73990
   100300 |    3288 |    2432 |          2837 |     73890
   100400 |    3288 |    2432 |          2837 |     73790
   100500 |    3288 |    2432 |          2837 |     73690
   100600 |    3288 |    2432 |          2837 |     73590
   100700 |    3292 |    2439 |          2842 |     73490
   100800 |    3295 |    2439 |          2842 |     73390
   100900 |    3299 |    2439 |          2842 |     73290
   101000 |    3305 |    2440 |          2843 |     73190
   101100 |    3308 |    2440 |          2843 |     73090
   101200 |    3309 |    2440 |          2843 |     72990
   101300 |    3328 |    2440 |          2884 |     72890
   101400 |    3359 |    2440 |          2963 |     72790
   101500 |    3362 |    2440 |          2963 |     72690
   101600 |    3363 |    2440 |          2964 |     72590
   101700 |    3363 |    2440 |          2964 |     72490
   101800 |    3363 |    2440 |          2964 |     72390
   101900 |    3363 |    2440 |          2964 |     72290
   102000 |    3363 |    2440 |          2964 |     72190
   102100 |    3363 |    2440 |          2964 |     72090
   102200 |    3363 |    2440 |          2964 |     71990
   102300 |    3363 |    2440 |          2964 |     71890
   102400 |    3363 |    2440 |          2964 |     71790
   102500 |    3363 |    2440 |          2964 |     71690
   102600 |    3363 |    2440 |          2964 |     71590
   102700 |    3363 |    2440 |          2964 |     71490
   102800 |    3366 |    2441 |          2965 |     71390
   102900 |    3369 |    2441 |          2965 |     71290
   103000 |    3377 |    2441 |          2965 |     71190
   103100 |    3384 |    2441 |          2965 |     71090
   103200 |    3391 |    2441 |          2965 |     70990
   103300 |    3401 |    2441 |          2965 |     70890
   103400 |    3407 |    2441 |          2965 |     70790
   103500 |    3412 |    2445 |          2967 |     70690
   103600 |    3418 |    2466 |          2975 |     70590
   103700 |    3435 |    2472 |          2976 |     70490
   103800 |    3444 |    2472 |          2976 |     70390
   103900 |    3458 |    2472 |          2976 |     70290
   104000 |    3460 |    2472 |          2993 |     70190
   104100 |    3460 |    2472 |          3026 |     70090
   104200 |    3460 |    2510 |          3063 |     69990
   104300 |    3460 |    2510 |          3096 |     69890
   104400 |    3460 |    2510 |          3131 |     69790
   104500 |    3460 |    2510 |          3168 |     69690
   104600 |    3460 |    2510 |          3213 |     69590
   104700 |    3460 |    2511 |          3250 |     69490
   104800 |    3460 |    2511 |          3284 |     69390
   104900 |    3460 |    2511 |          3317 |     69290
   105000 |    3460 |    2511 |          3344 |     69190
   105100 |    3467 |    2511 |          3344 |     69090
   105200 |    3478 |    2511 |          3344 |     68990
   105300 |    3501 |    2511 |          3344 |     68890
   105400 |    3505 |    2511 |          3344 |     68790
   105500 |    3514 |    2511 |          3344 |     68690
   105600 |    3527 |    2516 |          3347 |     68590
   105700 |    3554 |    2516 |          3347 |     68490
   105800 |    3568 |    2516 |          3347 |     68390
   105900 |    3580 |    2516 |          3347 |     68290
   106000 |    3585 |    2516 |          3347 |     68190
   106100 |    3597 |    2524 |          3351 |     68090
   106200 |    3604 |    2547 |          3364 |     67990
   106300 |    3610 |    2547 |          3364 |     67890
   106400 |    3614 |    2547 |          3364 |     67790
   106500 |    3629 |    2547 |          3364 |     67690
   106600 |    3635 |    2547 |          3364 |     67590
   106700 |    3640 |    2548 |          3365 |     67490
   106800 |    3641 |    2548 |          3365 |     67390
   106900 |    3641 |    2548 |          3365 |     67290
   107000 |    3641 |    2548 |          3365 |     67190
   107100 |    3641 |    2548 |          3365 |     67090
   107200 |    3642 |    2548 |          3365 |     66990
   107300 |    3646 |    2550 |          3366 |     66890
   107400 |    3647 |    2550 |          3366 |     66790
   107500 |    3650 |    2550 |          3366 |     66690
   107600 |    3651 |    2550 |          3366 |     66590
   107700 |    3652 |    2550 |          3366 |     66490
   107800 |    3655 |    2550 |          3366 |     66390
   107900 |    3660 |    2550 |          3366 |     66290
   108000 |    3664 |    2551 |          3367 |     66190
   108100 |    3665 |    2582 |          3390 |     66090
   108200 |    3667 |    2596 |          3400 |     65990
   108300 |    3668 |    2596 |          3400 |     65890
   108400 |    3672 |    2596 |          3400 |     65790
   108500 |    3672 |    2596 |          3400 |     65690
   108600 |    3672 |    2596 |          3400 |     65590
   108700 |    3675 |    2596 |          3400 |     65490
   108800 |    3682 |    2598 |          3401 |     65390
   108900 |    3682 |    2598 |          3408 |     65290
   109000 |    3682 |    2598 |          3454 |     65190
   109100 |    3683 |    2598 |          3494 |     65090
   109200 |    3684 |    2620 |          3512 |     64990
   109300 |    3689 |    2620 |          3512 |     64890
   109400 |    3692 |    2620 |          3512 |     64790
   109500 |    3697 |    2620 |          3512 |     64690
   109600 |    3701 |    2620 |          3512 |     64590
   109700 |    3706 |    2626 |          3516 |     64490
   109800 |    3715 |    2626 |          3516 |     64390
   109900 |    3715 |    2626 |          3516 |     64290
   110000 |    3715 |    2626 |          3516 |     64190
   110100 |    3715 |    2638 |          3525 |     64090
   110200 |    3715 |    2638 |          3525 |     63990
   110300 |    3715 |    2638 |          3525 |     63890
   110400 |    3715 |    2638 |          3525 |     63790
   110500 |    3715 |    2638 |          3525 |     63690
   110600 |    3715 |    2638 |          3525 |     63590
   110700 |    3715 |    2638 |          3525 |     63490
   110800 |    3715 |    2638 |          3525 |     63390
   110900 |    3715 |    2638 |          3525 |     63290
   111000 |    3715 |    2638 |          3525 |     63190
   111100 |    3715 |    2638 |          3525 |     63090
   111200 |    3715 |    2638 |          3525 |     62990
   111300 |    3717 |    2640 |          3526 |     62890
   111400 |    3717 |    2645 |          3529 |     62790
   111500 |    3719 |    2650 |          3532 |     62690
   111600 |    3719 |    2650 |          3532 |     62590
   111700 |    3719 |    2650 |          3532 |     62490
   111800 |    3719 |    2650 |          3532 |     62390
   111900 |    3719 |    2650 |          3532 |     62290
   112000 |    3719 |    2650 |          3532 |     62190
   112100 |    3719 |    2650 |          3532 |     62090
   112200 |    3719 |    2650 |          3532 |     61990
   112300 |    3719 |    2656 |          3534 |     61890
   112400 |    3724 |    2658 |          3541 |     61790
   112500 |    3724 |    2658 |          3541 |     61690
   112600 |    3724 |    2658 |          3541 |     61590
   112700 |    3724 |    2658 |          3541 |     61490
   112800 |    3724 |    2658 |          3541 |     61390
   112900 |    3724 |    2658 |          3541 |     61290
   113000 |    3724 |    2658 |          3541 |     61190
   113100 |    3724 |    2658 |          3541 |     61090
   113200 |    3724 |    2658 |          3541 |     60990
   113300 |    3725 |    2659 |          3542 |     60890
   113400 |    3725 |    2659 |          3542 |     60790
   113500 |    3726 |    2665 |          3544 |     60690
   113600 |    3739 |    2668 |          3546 |     60590
   113700 |    3745 |    2668 |          3546 |     60490
   113800 |    3757 |    2668 |          3546 |     60390
   113900 |    3766 |    2671 |          3551 |     60290
   114000 |    3772 |    2697 |          3565 |     60190
   114100 |    3772 |    2829 |          3570 |     60090
   114200 |    3778 |    2829 |          3570 |     59990
   114300 |    3787 |    2829 |          3570 |     59890
   114400 |    3789 |    2889 |          3577 |     59790
   114500 |    3793 |    2904 |          3585 |     59690
   114600 |    3796 |    2949 |          3614 |     59590
   114700 |    3800 |    2983 |          3636 |     59490
   114800 |    3803 |    2983 |          3636 |     59390
   114900 |    3809 |    2983 |          3636 |     59290
   115000 |    3813 |    2983 |          3636 |     59190
   115100 |    3813 |    2986 |          3638 |     59090
   115200 |    3815 |    3031 |          3652 |     58990
   115300 |    3818 |    3080 |          3677 |     58890
   115400 |    3819 |    3147 |          3699 |     58790
   115500 |    3824 |    3147 |          3699 |     58690
   115600 |    3826 |    3147 |          3699 |     58590
   115700 |    3828 |    3147 |          3699 |     58490
   115800 |    3845 |    3147 |          3699 |     58390
   115900 |    3863 |    3150 |          3700 |     58290
   116000 |    3874 |    3150 |          3700 |     58190
   116100 |    3876 |    3152 |          3701 |     58090
   116200 |    3877 |    3167 |          3704 |     57990
   116300 |    3879 |    3168 |          3705 |     57890
   116400 |    3884 |    3194 |          3715 |     57790
   116500 |    3898 |    3194 |          3715 |     57690
   116600 |    3905 |    3210 |          3719 |     57590
   116700 |    3906 |    3213 |          3721 |     57490
   116800 |    3912 |    3215 |          3723 |     57390
   116900 |    3912 |    3215 |          3723 |     57290
   117000 |    3913 |    3223 |          3727 |     57190
   117100 |    3919 |    3223 |          3735 |     57090
   117200 |    3921 |    3226 |          3740 |     56990
   117300 |    3921 |    3226 |          3740 |     56890
   117400 |    3921 |    3226 |          3740 |     56790
   117500 |    3921 |    3226 |          3740 |     56690
   117600 |    3922 |    3226 |          3740 |     56590
   117700 |    3922 |    3226 |          3740 |     56490
   117800 |    3922 |    3226 |          3740 |     56390
   117900 |    3922 |    3226 |          3740 |     56290
   118000 |    3922 |    3226 |          3740 |     56190
   118100 |    3923 |    3226 |          3740 |     56090
   118200 |    3923 |    3226 |          3740 |     55990
   118300 |    3923 |    3226 |          3740 |     55890
   118400 |    3923 |    3226 |          3740 |     55790
   118500 |    3923 |    3226 |          3740 |     55690
   118600 |    3923 |    3226 |          3740 |     55590
   118700 |    3923 |    3226 |          3740 |     55490
   118800 |    3923 |    3226 |          3740 |     55390
   118900 |    3923 |    3226 |          3740 |     55290
   119000 |    3923 |    3226 |          3740 |     55190
   119100 |    3923 |    3226 |          3740 |     55090
   119200 |    3923 |    3226 |          3740 |     54990
   119300 |    3923 |    3226 |          3740 |     54890
   119400 |    3923 |    3226 |          3740 |     54790
   119500 |    3924 |    3226 |          3740 |     54690
   119600 |    3924 |    3226 |          3740 |     54590
   119700 |    3925 |    3226 |          3740 |     54490
   119800 |    3925 |    3226 |          3740 |     54390
   119900 |    3925 |    3226 |          3740 |     54290
   120000 |    3925 |    3227 |          3741 |     54190
   120100 |    3925 |    3227 |          3741 |     54090
   120200 |    3925 |    3227 |          3741 |     53990
   120300 |    3925 |    3227 |          3741 |     53890
   120400 |    3925 |    3229 |          3742 |     53790
   120500 |    3929 |    3247 |          3757 |     53690
   120600 |    3938 |    3247 |          3757 |     53590
   120700 |    3942 |    3249 |          3758 |     53490
   120800 |    3949 |    3250 |          3759 |     53390
   120900 |    3952 |    3257 |          3762 |     53290
   121000 |    3955 |    3281 |          3775 |     53190
   121100 |    3960 |    3288 |          3776 |     53090
   121200 |    3967 |    3330 |          3781 |     52990
   121300 |    3967 |    3330 |          3781 |     52890
   121400 |    3971 |    3330 |          3781 |     52790
   121500 |    3975 |    3330 |          3781 |     52690
   121600 |    3975 |    3330 |          3781 |     52590
   121700 |    3975 |    3330 |          3781 |     52490
   121800 |    3975 |    3330 |          3781 |     52390
   121900 |    3975 |    3330 |          3781 |     52290
   122000 |    3976 |    3331 |          3782 |     52190
   122100 |    3977 |    3332 |          3783 |     52090
   122200 |    3984 |    3332 |          3783 |     51990
   122300 |    3987 |    3332 |          3783 |     51890
   122400 |    3991 |    3332 |          3783 |     51790
   122500 |    3994 |    3332 |          3783 |     51690
   122600 |    4000 |    3332 |          3783 |     51590
   122700 |    4000 |    3332 |          3783 |     51490
   122800 |    4000 |    3343 |          3787 |     51390
   122900 |    4002 |    3347 |          3788 |     51290
   123000 |    4002 |    3347 |          3788 |     51190
   123100 |    4003 |    3347 |          3788 |     51090
   123200 |    4006 |    3347 |          3788 |     50990
   123300 |    4007 |    3347 |          3788 |     50890
   123400 |    4007 |    3354 |          3792 |     50790
   123500 |    4007 |    3357 |          3795 |     50690
   123600 |    4017 |    3357 |          3795 |     50590
   123700 |    4021 |    3367 |          3797 |     50490
   123800 |    4021 |    3367 |          3797 |     50390
   123900 |    4021 |    3367 |          3797 |     50290
   124000 |    4021 |    3367 |          3797 |     50190
   124100 |    4021 |    3367 |          3797 |     50090
   124200 |    4021 |    3367 |          3797 |     49990
   124300 |    4021 |    3367 |          3797 |     49890
   124400 |    4021 |    3367 |          3797 |     49790
   124500 |    4021 |    3367 |          3797 |     49690
   124600 |    4021 |    3367 |          3797 |     49590
   124700 |    4023 |    3367 |          3797 |     49490
   124800 |    4025 |    3372 |          3799 |     49390
   124900 |    4027 |    3372 |          3799 |     49290
   125000 |    4027 |    3372 |          3799 |     49190
   125100 |    4028 |    3372 |          3799 |     49090
   125200 |    4029 |    3374 |          3801 |     48990
   125300 |    4029 |    3374 |          3801 |     48890
   125400 |    4030 |    3374 |          3801 |     48790
   125500 |    4030 |    3374 |          3801 |     48690
   125600 |    4030 |    3374 |          3801 |     48590
   125700 |    4037 |    3374 |          3801 |     48490
   125800 |    4045 |    3374 |          3801 |     48390
   125900 |    4053 |    3374 |          3801 |     48290
   126000 |    4060 |    3374 |          3801 |     48190
   126100 |    4067 |    3374 |          3801 |     48090
   126200 |    4068 |    3414 |          3805 |     47990
   126300 |    4068 |    3414 |          3805 |     47890
   126400 |    4069 |    3415 |          3806 |     47790
   126500 |    4069 |    3415 |          3806 |     47690
   126600 |    4074 |    3415 |          3806 |     47590
   126700 |    4075 |    3418 |          3807 |     47490
   126800 |    4079 |    3418 |          3807 |     47390
   126900 |    4083 |    3418 |          3822 |     47290
   127000 |    4083 |    3418 |          3863 |     47190
   127100 |    4084 |    3418 |          3873 |     47090
   127200 |    4085 |    3420 |          3897 |     46990
   127300 |    4091 |    3425 |          3900 |     46890
   127400 |    4094 |    3425 |          3900 |     46790
   127500 |    4094 |    3425 |          3900 |     46690
   127600 |    4095 |    3425 |          3900 |     46590
   127700 |    4097 |    3425 |          3900 |     46490
   127800 |    4108 |    3438 |          3905 |     46390
   127900 |    4136 |    3438 |          3905 |     46290
   128000 |    4156 |    3438 |          3905 |     46190
   128100 |    4161 |    3438 |          3905 |     46090
   128200 |    4161 |    3438 |          3905 |     45990
   128300 |    4161 |    3438 |          3905 |     45890
   128400 |    4161 |    3438 |          3905 |     45790
   128500 |    4161 |    3438 |          3905 |     45690
   128600 |    4161 |    3438 |          3905 |     45590
   128700 |    4161 |    3438 |          3905 |     45490
   128800 |    4162 |    3438 |          3905 |     45390
   128900 |    4162 |    3438 |          3905 |     45290
   129000 |    4165 |    3442 |          3909 |     45190
   129100 |    4165 |    3442 |          3909 |     45090
   129200 |    4166 |    3442 |          3909 |     44990
   129300 |    4166 |    3442 |          3909 |     44890
   129400 |    4166 |    3442 |          3909 |     44790
   129500 |    4166 |    3442 |          3909 |     44690
   129600 |    4166 |    3442 |          3909 |     44590
   129700 |    4166 |    3442 |          3909 |     44490
   129800 |    4166 |    3442 |          3909 |     44390
   129900 |    4166 |    3443 |          3910 |     44290
   130000 |    4166 |    3443 |          3910 |     44190
   130100 |    4166 |    3443 |          3910 |     44090
   130200 |    4168 |    3443 |          3910 |     43990
   130300 |    4168 |    3443 |          3910 |     43890
   130400 |    4168 |    3443 |          3910 |     43790
   130500 |    4168 |    3443 |          3910 |     43690
   130600 |    4169 |    3443 |          3910 |     43590
   130700 |    4171 |    3443 |          3910 |     43490
   130800 |    4172 |    3443 |          3910 |     43390
   130900 |    4172 |    3443 |          3910 |     43290
   131000 |    4172 |    3443 |          3910 |     43190
   131100 |    4172 |    3443 |          3910 |     43090
   131200 |    4172 |    3443 |          3910 |     42990
   131300 |    4172 |    3443 |          3910 |     42890
   131400 |    4173 |    3443 |          3910 |     42790
   131500 |    4173 |    3443 |          3910 |     42690
   131600 |    4176 |    3443 |          3910 |     42590
   131700 |    4178 |    3443 |          3910 |     42490
   131800 |    4178 |    3443 |          3910 |     42390
   131900 |    4178 |    3443 |          3910 |     42290
   132000 |    4178 |    3443 |          3910 |     42190
   132100 |    4178 |    3443 |          3910 |     42090
   132200 |    4179 |    3443 |          3910 |     41990
   132300 |    4179 |    3443 |          3910 |     41890
   132400 |    4183 |    3443 |          3910 |     41790
   132500 |    4183 |    3443 |          3910 |     41690
   132600 |    4183 |    3443 |          3910 |     41590
   132700 |    4183 |    3443 |          3910 |     41490
   132800 |    4183 |    3443 |          3910 |     41390
   132900 |    4183 |    3443 |          3910 |     41290
   133000 |    4184 |    3443 |          3910 |     41190
   133100 |    4184 |    3443 |          3910 |     41090
   133200 |    4189 |    3443 |          3910 |     40990
   133300 |    4189 |    3443 |          3910 |     40890
   133400 |    4189 |    3443 |          3910 |     40790
   133500 |    4189 |    3443 |          3910 |     40690
   133600 |    4189 |    3443 |          3910 |     40590
   133700 |    4189 |    3443 |          3910 |     40490
   133800 |    4190 |    3443 |          3910 |     40390
   133900 |    4190 |    3443 |          3910 |     40290
   134000 |    4197 |    3448 |          3914 |     40190
   134100 |    4197 |    3448 |          3914 |     40090
   134200 |    4202 |    3462 |          3916 |     39990
   134300 |    4212 |    3462 |          3916 |     39890
   134400 |    4217 |    3462 |          3916 |     39790
   134500 |    4227 |    3462 |          3916 |     39690
   134600 |    4231 |    3462 |          3916 |     39590
   134700 |    4238 |    3462 |          3916 |     39490
   134800 |    4243 |    3462 |          3916 |     39390
   134900 |    4254 |    3462 |          3916 |     39290
   135000 |    4261 |    3462 |          3916 |     39190
   135100 |    4270 |    3462 |          3916 |     39090
   135200 |    4277 |    3462 |          3916 |     38990
   135300 |    4283 |    3462 |          3916 |     38890
   135400 |    4291 |    3462 |          3916 |     38790
   135500 |    4299 |    3462 |          3916 |     38690
   135600 |    4303 |    3462 |          3916 |     38590
   135700 |    4309 |    3462 |          3916 |     38490
   135800 |    4312 |    3462 |          3916 |     38390
   135900 |    4319 |    3462 |          3916 |     38290
   136000 |    4323 |    3462 |          3916 |     38190
   136100 |    4332 |    3462 |          3916 |     38090
   136200 |    4336 |    3462 |          3916 |     37990
   136300 |    4345 |    3462 |          3916 |     37890
   136400 |    4353 |    3462 |          3916 |     37790
   136500 |    4360 |    3462 |          3916 |     37690
   136600 |    4369 |    3462 |          3916 |     37590
   136700 |    4377 |    3462 |          3916 |     37490
   136800 |    4381 |    3462 |          3916 |     37390
   136900 |    4385 |    3462 |          3916 |     37290
   137000 |    4390 |    3462 |          3916 |     37190
   137100 |    4397 |    3462 |          3916 |     37090
   137200 |    4402 |    3462 |          3916 |     36990
   137300 |    4412 |    3462 |          3916 |     36890
   137400 |    4416 |    3462 |          3916 |     36790
   137500 |    4421 |    3462 |          3916 |     36690
   137600 |    4427 |    3462 |          3916 |     36590
   137700 |    4437 |    3462 |          3916 |     36490
   137800 |    4447 |    3462 |          3916 |     36390
   137900 |    4451 |    3462 |          3916 |     36290
   138000 |    4458 |    3462 |          3916 |     36190
   138100 |    4465 |    3462 |          3916 |     36090
   138200 |    4465 |    3464 |          3917 |     35990
   138300 |    4465 |    3471 |          3923 |     35890
   138400 |    4465 |    3502 |          3954 |     35790
   138500 |    4465 |    3529 |          3980 |     35690
   138600 |    4465 |    3531 |          3981 |     35590
   138700 |    4465 |    3532 |          3982 |     35490
   138800 |    4465 |    3532 |          3982 |     35390
   138900 |    4465 |    3532 |          3982 |     35290
   139000 |    4465 |    3581 |          3995 |     35190
   139100 |    4465 |    3581 |          3995 |     35090
   139200 |    4466 |    3581 |          3995 |     34990
   139300 |    4466 |    3581 |          3995 |     34890
   139400 |    4466 |    3581 |          3995 |     34790
   139500 |    4466 |    3581 |          3995 |     34690
   139600 |    4466 |    3581 |          3995 |     34590
   139700 |    4466 |    3581 |          3995 |     34490
   139800 |    4466 |    3581 |          3995 |     34390
   139900 |    4466 |    3581 |          3995 |     34290
   140000 |    4466 |    3581 |          3995 |     34190
   140100 |    4466 |    3581 |          3995 |     34090
   140200 |    4466 |    3581 |          3995 |     33990
   140300 |    4466 |    3581 |          3995 |     33890
   140400 |    4466 |    3581 |          3995 |     33790
   140500 |    4466 |    3581 |          3995 |     33690
   140600 |    4466 |    3581 |          3995 |     33590
   140700 |    4466 |    3581 |          3995 |     33490
   140800 |    4466 |    3581 |          3995 |     33390
   140900 |    4466 |    3581 |          3995 |     33290
   141000 |    4466 |    3581 |          3995 |     33190
   141100 |    4466 |    3581 |          3995 |     33090
   141200 |    4466 |    3581 |          3995 |     32990
   141300 |    4466 |    3582 |          3996 |     32890
   141400 |    4466 |    3582 |          3996 |     32790
   141500 |    4467 |    3584 |          3997 |     32690
   141600 |    4467 |    3584 |          3997 |     32590
   141700 |    4472 |    3584 |          3997 |     32490
   141800 |    4480 |    3584 |          3997 |     32390
   141900 |    4480 |    3584 |          3997 |     32290
   142000 |    4480 |    3584 |          3997 |     32190
   142100 |    4480 |    3584 |          3997 |     32090
   142200 |    4480 |    3584 |          3997 |     31990
   142300 |    4480 |    3584 |          3997 |     31890
   142400 |    4480 |    3584 |          3997 |     31790
   142500 |    4480 |    3584 |          3997 |     31690
   142600 |    4480 |    3584 |          3997 |     31590
   142700 |    4480 |    3584 |          3997 |     31490
   142800 |    4480 |    3584 |          3997 |     31390
   142900 |    4480 |    3584 |          3997 |     31290
   143000 |    4480 |    3584 |          3997 |     31190
   143100 |    4480 |    3584 |          3997 |     31090
   143200 |    4480 |    3584 |          3997 |     30990
   143300 |    4480 |    3584 |          3997 |     30890
   143400 |    4480 |    3584 |          3997 |     30790
   143500 |    4480 |    3584 |          3997 |     30690
   143600 |    4480 |    3584 |          3997 |     30590
   143700 |    4480 |    3584 |          3997 |     30490
   143800 |    4480 |    3584 |          3997 |     30390
   143900 |    4480 |    3584 |          3997 |     30290
   144000 |    4480 |    3584 |          3997 |     30190
   144100 |    4480 |    3584 |          3997 |     30090
   144200 |    4480 |    3584 |          3997 |     29990
   144300 |    4480 |    3584 |          3997 |     29890
   144400 |    4480 |    3584 |          3997 |     29790
   144500 |    4480 |    3584 |          3997 |     29690
   144600 |    4480 |    3584 |          3997 |     29590
   144700 |    4480 |    3584 |          3997 |     29490
   144800 |    4480 |    3584 |          3997 |     29390
   144900 |    4480 |    3584 |          3997 |     29290
   145000 |    4480 |    3584 |          3997 |     29190
   145100 |    4481 |    3584 |          3997 |     29090
   145200 |    4484 |    3584 |          3997 |     28990
   145300 |    4485 |    3584 |          3997 |     28890
   145400 |    4485 |    3584 |          3997 |     28790
   145500 |    4485 |    3584 |          3997 |     28690
   145600 |    4486 |    3584 |          3997 |     28590
   145700 |    4488 |    3584 |          3997 |     28490
   145800 |    4488 |    3584 |          3997 |     28390
   145900 |    4488 |    3584 |          3997 |     28290
   146000 |    4488 |    3584 |          3997 |     28190
   146100 |    4488 |    3584 |          3997 |     28090
   146200 |    4488 |    3584 |          3997 |     27990
   146300 |    4488 |    3584 |          3997 |     27890
   146400 |    4488 |    3584 |          3997 |     27790
   146500 |    4488 |    3584 |          3997 |     27690
   146600 |    4488 |    3584 |          3997 |     27590
   146700 |    4489 |    3584 |          3997 |     27490
   146800 |    4489 |    3584 |          3997 |     27390
   146900 |    4489 |    3584 |          3997 |     27290
   147000 |    4489 |    3584 |          3997 |     27190
   147100 |    4489 |    3584 |          3997 |     27090
   147200 |    4489 |    3584 |          3997 |     26990
   147300 |    4489 |    3584 |          3997 |     26890
   147400 |    4491 |    3584 |          3997 |     26790
   147500 |    4491 |    3584 |          3997 |     26690
   147600 |    4491 |    3584 |          3997 |     26590
   147700 |    4491 |    3584 |          3997 |     26490
   147800 |    4491 |    3584 |          3997 |     26390
   147900 |    4491 |    3584 |          3997 |     26290
   148000 |    4491 |    3584 |          3997 |     26190
   148100 |    4492 |    3584 |          3997 |     26090
   148200 |    4492 |    3584 |          3997 |     25990
   148300 |    4492 |    3584 |          3997 |     25890
   148400 |    4492 |    3584 |          3997 |     25790
   148500 |    4493 |    3584 |          3997 |     25690
   148600 |    4494 |    3584 |          3997 |     25590
   148700 |    4494 |    3584 |          3997 |     25490
   148800 |    4495 |    3584 |          3997 |     25390
   148900 |    4495 |    3584 |          3997 |     25290
   149000 |    4496 |    3584 |          3997 |     25190
   149100 |    4496 |    3584 |          3997 |     25090
   149200 |    4496 |    3584 |          3997 |     24990
   149300 |    4497 |    3584 |          3997 |     24890
   149400 |    4497 |    3584 |          3997 |     24790
   149500 |    4497 |    3584 |          3997 |     24690
   149600 |    4497 |    3584 |          3997 |     24590
   149700 |    4497 |    3584 |          3997 |     24490
   149800 |    4498 |    3584 |          3997 |     24390
   149900 |    4499 |    3584 |          3997 |     24290
   150000 |    4499 |    3584 |          3997 |     24190
   150100 |    4499 |    3584 |          3997 |     24090
   150200 |    4499 |    3584 |          3997 |     23990
   150300 |    4499 |    3584 |          3997 |     23890
   150400 |    4500 |    3584 |          3997 |     23790
   150500 |    4500 |    3584 |          3997 |     23690
   150600 |    4500 |    3584 |          3997 |     23590
   150700 |    4500 |    3584 |          3997 |     23490
   150800 |    4500 |    3584 |          3997 |     23390
   150900 |    4501 |    3584 |          3997 |     23290
   151000 |    4502 |    3584 |          3997 |     23190
   151100 |    4503 |    3584 |          3997 |     23090
   151200 |    4503 |    3584 |          3997 |     22990
   151300 |    4504 |    3584 |          3997 |     22890
   151400 |    4504 |    3584 |          3997 |     22790
   151500 |    4504 |    3584 |          3997 |     22690
   151600 |    4505 |    3584 |          3997 |     22590
   151700 |    4505 |    3584 |          3997 |     22490
   151800 |    4505 |    3584 |          3997 |     22390
   151900 |    4505 |    3584 |          3997 |     22290
   152000 |    4507 |    3584 |          3997 |     22190
   152100 |    4507 |    3584 |          3997 |     22090
   152200 |    4507 |    3584 |          3997 |     21990
   152300 |    4507 |    3584 |          3997 |     21890
   152400 |    4508 |    3584 |          3997 |     21790
   152500 |    4508 |    3584 |          3997 |     21690
   152600 |    4508 |    3584 |          3997 |     21590
   152700 |    4509 |    3584 |          3997 |     21490
   152800 |    4509 |    3584 |          3997 |     21390
   152900 |    4515 |    3584 |          3997 |     21290
   153000 |    4517 |    3584 |          3997 |     21190
   153100 |    4517 |    3584 |          3997 |     21090
   153200 |    4519 |    3584 |          3997 |     20990
   153300 |    4524 |    3584 |          3997 |     20890
   153400 |    4526 |    3584 |          3997 |     20790
   153500 |    4527 |    3584 |          3997 |     20690
   153600 |    4557 |    3602 |          4006 |     20590
   153700 |    4579 |    3613 |          4016 |     20490
   153800 |    4579 |    3664 |          4067 |     20390
   153900 |    4579 |    3676 |          4079 |     20290
   154000 |    4579 |    3740 |          4143 |     20190
   154100 |    4579 |    3772 |          4175 |     20090
   154200 |    4579 |    3804 |          4207 |     19990
   154300 |    4579 |    3809 |          4212 |     19890
   154400 |    4579 |    3821 |          4224 |     19790
   154500 |    4579 |    3853 |          4256 |     19690
   154600 |    4579 |    3913 |          4316 |     19590
   154700 |    4579 |    3913 |          4316 |     19490
   154800 |    4579 |    3922 |          4325 |     19390
   154900 |    4579 |    3944 |          4347 |     19290
   155000 |    4579 |    3990 |          4393 |     19190
   155100 |    4579 |    4006 |          4409 |     19090
   155200 |    4579 |    4006 |          4409 |     18990
   155300 |    4579 |    4006 |          4409 |     18890
   155400 |    4582 |    4006 |          4409 |     18790
   155500 |    4582 |    4006 |          4409 |     18690
   155600 |    4589 |    4006 |          4409 |     18590
   155700 |    4589 |    4006 |          4409 |     18490
   155800 |    4590 |    4006 |          4409 |     18390
   155900 |    4591 |    4006 |          4409 |     18290
   156000 |    4593 |    4006 |          4409 |     18190
   156100 |    4594 |    4006 |          4409 |     18090
   156200 |    4595 |    4006 |          4409 |     17990
   156300 |    4609 |    4006 |          4409 |     17890
   156400 |    4610 |    4006 |          4409 |     17790
   156500 |    4611 |    4006 |          4409 |     17690
   156600 |    4611 |    4029 |          4412 |     17590
   156700 |    4611 |    4029 |          4412 |     17490
   156800 |    4612 |    4029 |          4412 |     17390
   156900 |    4612 |    4029 |          4412 |     17290
   157000 |    4612 |    4029 |          4412 |     17190
   157100 |    4612 |    4029 |          4412 |     17090
   157200 |    4612 |    4029 |          4412 |     16990
   157300 |    4612 |    4029 |          4412 |     16890
   157400 |    4615 |    4029 |          4412 |     16790
   157500 |    4617 |    4030 |          4413 |     16690
   157600 |    4617 |    4030 |          4413 |     16590
   157700 |    4617 |    4030 |          4413 |     16490
   157800 |    4617 |    4030 |          4413 |     16390
   157900 |    4617 |    4030 |          4413 |     16290
   158000 |    4617 |    4030 |          4413 |     16190
   158100 |    4617 |    4030 |          4413 |     16090
   158200 |    4617 |    4062 |          4429 |     15990
   158300 |    4617 |    4062 |          4429 |     15890
   158400 |    4619 |    4075 |          4431 |     15790
   158500 |    4619 |    4075 |          4431 |     15690
   158600 |    4619 |    4075 |          4431 |     15590
   158700 |    4619 |    4075 |          4431 |     15490
   158800 |    4619 |    4075 |          4431 |     15390
   158900 |    4619 |    4075 |          4431 |     15290
   159000 |    4619 |    4075 |          4431 |     15190
   159100 |    4622 |    4080 |          4433 |     15090
   159200 |    4622 |    4080 |          4433 |     14990
   159300 |    4622 |    4080 |          4433 |     14890
   159400 |    4622 |    4080 |          4433 |     14790
   159500 |    4622 |    4080 |          4433 |     14690
   159600 |    4622 |    4080 |          4433 |     14590
   159700 |    4622 |    4080 |          4433 |     14490
   159800 |    4622 |    4080 |          4433 |     14390
   159900 |    4623 |    4080 |          4433 |     14290
   160000 |    4623 |    4080 |          4433 |     14190
   160100 |    4625 |    4080 |          4433 |     14090
   160200 |    4625 |    4080 |          4433 |     13990
   160300 |    4625 |    4080 |          4433 |     13890
   160400 |    4625 |    4080 |          4433 |     13790
   160500 |    4625 |    4080 |          4433 |     13690
   160600 |    4625 |    4080 |          4433 |     13590
   160700 |    4625 |    4080 |          4433 |     13490
   160800 |    4625 |    4080 |          4433 |     13390
   160900 |    4625 |    4080 |          4433 |     13290
   161000 |    4625 |    4080 |          4433 |     13190
   161100 |    4625 |    4080 |          4433 |     13090
   161200 |    4625 |    4080 |          4433 |     12990
   161300 |    4625 |    4080 |          4433 |     12890
   161400 |    4625 |    4080 |          4433 |     12790
   161500 |    4625 |    4080 |          4433 |     12690
   161600 |    4625 |    4080 |          4433 |     12590
   161700 |    4625 |    4080 |          4433 |     12490
   161800 |    4625 |    4080 |          4433 |     12390
   161900 |    4625 |    4080 |          4433 |     12290
   162000 |    4625 |    4080 |          4433 |     12190
   162100 |    4625 |    4080 |          4433 |     12090
   162200 |    4625 |    4080 |          4433 |     11990
   162300 |    4625 |    4080 |          4433 |     11890
   162400 |    4625 |    4080 |          4433 |     11790
   162500 |    4625 |    4093 |          4436 |     11690
   162600 |    4625 |    4098 |          4438 |     11590
   162700 |    4625 |    4098 |          4438 |     11490
   162800 |    4625 |    4098 |          4438 |     11390
   162900 |    4625 |    4099 |          4439 |     11290
   163000 |    4625 |    4099 |          4439 |     11190
   163100 |    4625 |    4103 |          4440 |     11090
   163200 |    4625 |    4103 |          4440 |     10990
   163300 |    4625 |    4103 |          4440 |     10890
   163400 |    4625 |    4103 |          4440 |     10790
   163500 |    4652 |    4104 |          4441 |     10690
   163600 |    4652 |    4105 |          4442 |     10590
   163700 |    4652 |    4138 |          4475 |     10490
   163800 |    4653 |    4143 |          4480 |     10390
   163900 |    4654 |    4143 |          4480 |     10290
   164000 |    4654 |    4143 |          4480 |     10190
   164100 |    4654 |    4143 |          4480 |     10090
   164200 |    4654 |    4143 |          4480 |      9990
   164300 |    4654 |    4143 |          4480 |      9890
   164400 |    4654 |    4143 |          4480 |      9790
   164500 |    4655 |    4143 |          4480 |      9690
   164600 |    4655 |    4143 |          4480 |      9590
   164700 |    4655 |    4143 |          4480 |      9490
   164800 |    4655 |    4143 |          4480 |      9390
   164900 |    4655 |    4143 |          4480 |      9290
   165000 |    4655 |    4143 |          4480 |      9190
   165100 |    4655 |    4143 |          4480 |      9090
   165200 |    4655 |    4143 |          4480 |      8990
   165300 |    4655 |    4143 |          4480 |      8890
   165400 |    4655 |    4143 |          4480 |      8790
   165500 |    4655 |    4143 |          4480 |      8690
   165600 |    4655 |    4143 |          4480 |      8590
   165700 |    4655 |    4143 |          4480 |      8490
   165800 |    4655 |    4143 |          4480 |      8390
   165900 |    4655 |    4143 |          4480 |      8290
   166000 |    4655 |    4143 |          4480 |      8190
   166100 |    4655 |    4143 |          4480 |      8090
   166200 |    4655 |    4143 |          4480 |      7990
   166300 |    4655 |    4143 |          4480 |      7890
   166400 |    4655 |    4143 |          4480 |      7790
   166500 |    4655 |    4143 |          4480 |      7690
   166600 |    4655 |    4143 |          4480 |      7590
   166700 |    4655 |    4143 |          4480 |      7490
   166800 |    4656 |    4143 |          4480 |      7390
   166900 |    4656 |    4143 |          4480 |      7290
   167000 |    4656 |    4143 |          4480 |      7190
   167100 |    4656 |    4143 |          4480 |      7090
   167200 |    4656 |    4143 |          4480 |      6990
   167300 |    4656 |    4143 |          4480 |      6890
   167400 |    4656 |    4143 |          4480 |      6790
   167500 |    4656 |    4143 |          4480 |      6690
   167600 |    4656 |    4143 |          4480 |      6590
   167700 |    4656 |    4143 |          4480 |      6490
   167800 |    4656 |    4143 |          4480 |      6390
   167900 |    4656 |    4143 |          4480 |      6290
   168000 |    4656 |    4143 |          4480 |      6190
   168100 |    4656 |    4143 |          4480 |      6090
   168200 |    4656 |    4143 |          4480 |      5990
   168300 |    4656 |    4143 |          4480 |      5890
   168400 |    4656 |    4143 |          4480 |      5790
   168500 |    4656 |    4143 |          4480 |      5690
   168600 |    4656 |    4143 |          4480 |      5590
   168700 |    4656 |    4143 |          4480 |      5490
   168800 |    4656 |    4143 |          4480 |      5390
   168900 |    4659 |    4145 |          4482 |      5290
   169000 |    4659 |    4145 |          4482 |      5190
   169100 |    4659 |    4145 |          4482 |      5090
   169200 |    4659 |    4145 |          4482 |      4990
   169300 |    4659 |    4147 |          4484 |      4890
   169400 |    4659 |    4147 |          4484 |      4790
   169500 |    4681 |    4147 |          4484 |      4690
   169600 |    4686 |    4169 |          4489 |      4590
   169700 |    4688 |    4169 |          4489 |      4490
   169800 |    4688 |    4169 |          4489 |      4390
   169900 |    4688 |    4169 |          4489 |      4290
   170000 |    4690 |    4169 |          4489 |      4190
   170100 |    4692 |    4169 |          4489 |      4090
   170200 |    4693 |    4169 |          4489 |      3990
   170300 |    4693 |    4169 |          4489 |      3890
   170400 |    4698 |    4170 |          4490 |      3790
   170500 |    4700 |    4170 |          4490 |      3690
   170600 |    4701 |    4170 |          4490 |      3590
   170700 |    4701 |    4170 |          4490 |      3490
   170800 |    4701 |    4170 |          4490 |      3390
   170900 |    4712 |    4170 |          4490 |      3290
   171000 |    4717 |    4170 |          4490 |      3190
   171100 |    4719 |    4170 |          4490 |      3090
   171200 |    4723 |    4170 |          4490 |      2990
   171300 |    4727 |    4170 |          4490 |      2890
   171400 |    4728 |    4170 |          4490 |      2790
   171500 |    4728 |    4170 |          4490 |      2690
   171600 |    4729 |    4170 |          4490 |      2590
   171700 |    4734 |    4174 |          4491 |      2490
   171800 |    4750 |    4174 |          4491 |      2390
   171900 |    4773 |    4176 |          4493 |      2290
   172000 |    4876 |    4360 |          4537 |      2190
   172100 |    4971 |    4369 |          4546 |      2090
   172200 |    4971 |    4369 |          4546 |      1990
   172300 |    4971 |    4369 |          4546 |      1890
   172400 |    4971 |    4369 |          4546 |      1790
   172500 |    4971 |    4369 |          4546 |      1690
   172600 |    4971 |    4369 |          4546 |      1590
   172700 |    4971 |    4369 |          4546 |      1490
   172800 |    4971 |    4369 |          4546 |      1390
   172900 |    4971 |    4369 |          4546 |      1290
   173000 |    4971 |    4369 |          4546 |      1190
   173100 |    4971 |    4369 |          4546 |      1090
   173200 |    4971 |    4369 |          4546 |       990
   173300 |    4971 |    4369 |          4546 |       890
   173400 |    4971 |    4369 |          4546 |       790
   173500 |    4971 |    4369 |          4546 |       690
   173600 |    4971 |    4369 |          4546 |       590
   173700 |    4971 |    4369 |          4546 |       490
   173800 |    4971 |    4369 |          4546 |       390
   173900 |    4971 |    4369 |          4546 |       290
   174000 |    4971 |    4369 |          4546 |       190
   174100 |    4971 |    4369 |          4546 |        90
    final |    4971 |    4369 |          4546 |         0
---------------------------------------------------------
[INFO RSZ-0034] Found 3229 slew violations.
[INFO RSZ-0036] Found 1102 capacitance violations.
[INFO RSZ-0037] Found 939 long wires.
[INFO RSZ-0038] Inserted 4369 buffers in 4546 nets.
[INFO RSZ-0039] Resized 4971 instances.
Took 43 seconds: repair_design -verbose
Repair tie lo fanout...
[INFO RSZ-0042] Inserted 4512 tie LOGIC0_X1 instances.
Repair tie hi fanout...
[INFO RSZ-0042] Inserted 2132 tie LOGIC1_X1 instances.
Floating nets: 
Report metrics stage 3, resizer...
