OpenROAD e69d93ffb92e02e755ed4277376296f3deaaa8d9 
Features included (+) or not (-): +GPU +GUI +Python
This program is licensed under the BSD-3 license. See the LICENSE file for details.
Components of this program may be licensed under more restrictive licenses which must be honored.
[INFO ORD-0030] Using 8 thread(s).
source /home/fetzfs_projects/MLBuf/flows/OpenROAD-flow-scripts/flow/platforms/nangate45/setRC.tcl
Perform port buffering...
[INFO RSZ-0027] Inserted 212 input buffers.
[INFO RSZ-0028] Inserted 224 output buffers.
Perform buffer insertion and gate resizing...
repair_design -verbose
[INFO RSZ-0058] Using max wire length 640um.
Iteration | Resized | Buffers | Nets repaired | Remaining
---------------------------------------------------------
        0 |       0 |       0 |             0 |    174190
      100 |      21 |       0 |             0 |    174090
      200 |      87 |       0 |             0 |    173990
      300 |     169 |       0 |             0 |    173890
      400 |     263 |       0 |             0 |    173790
      500 |     355 |       0 |             0 |    173690
      600 |     373 |       0 |             0 |    173590
      700 |     374 |       0 |             0 |    173490
      800 |     374 |       0 |             0 |    173390
      900 |     374 |       0 |             0 |    173290
     1000 |     374 |       0 |             0 |    173190
     1100 |     374 |       0 |             0 |    173090
     1200 |     374 |       0 |             0 |    172990
     1300 |     375 |       0 |             0 |    172890
     1400 |     391 |       0 |             0 |    172790
     1500 |     400 |       0 |             0 |    172690
     1600 |     406 |       0 |             0 |    172590
     1700 |     425 |       0 |             0 |    172490
     1800 |     425 |       0 |             0 |    172390
     1900 |     426 |       0 |             0 |    172290
     2000 |     429 |       3 |             2 |    172190
     2100 |     429 |       3 |             2 |    172090
     2200 |     433 |       5 |             4 |    171990
     2300 |     437 |       9 |             6 |    171890
     2400 |     437 |       9 |             6 |    171790
     2500 |     437 |       9 |             6 |    171690
     2600 |     440 |      11 |             8 |    171590
     2700 |     440 |      11 |             8 |    171490
     2800 |     440 |      11 |             8 |    171390
     2900 |     448 |      14 |            22 |    171290
     3000 |     448 |      14 |            22 |    171190
     3100 |     451 |      16 |            24 |    171090
     3200 |     451 |      16 |            24 |    170990
     3300 |     454 |      21 |            26 |    170890
     3400 |     454 |      21 |            26 |    170790
     3500 |     459 |      26 |            29 |    170690
     3600 |     459 |      26 |            29 |    170590
     3700 |     460 |      26 |            29 |    170490
     3800 |     462 |      28 |            32 |    170390
     3900 |     462 |      28 |            32 |    170290
     4000 |     463 |      28 |            32 |    170190
     4100 |     464 |      29 |            33 |    170090
     4200 |     466 |      29 |            33 |    169990
     4300 |     469 |      29 |            33 |    169890
     4400 |     469 |      29 |            33 |    169790
     4500 |     473 |      29 |            33 |    169690
     4600 |     477 |      29 |            33 |    169590
     4700 |     484 |      29 |            33 |    169490
     4800 |     484 |      29 |            33 |    169390
     4900 |     487 |      29 |            34 |    169290
     5000 |     498 |      29 |            34 |    169190
     5100 |     505 |      32 |            36 |    169090
     5200 |     507 |      34 |            37 |    168990
     5300 |     513 |      38 |            40 |    168890
     5400 |     517 |      41 |            42 |    168790
     5500 |     518 |      41 |            42 |    168690
     5600 |     526 |      44 |            43 |    168590
     5700 |     532 |      47 |            45 |    168490
     5800 |     547 |      55 |            50 |    168390
     5900 |     550 |      59 |            52 |    168290
     6000 |     551 |      63 |            56 |    168190
     6100 |     577 |      79 |           138 |    168090
     6200 |     593 |      80 |           175 |    167990
     6300 |     603 |      81 |           176 |    167890
     6400 |     604 |      81 |           178 |    167790
     6500 |     606 |      81 |           178 |    167690
     6600 |     606 |      81 |           178 |    167590
     6700 |     606 |      81 |           178 |    167490
     6800 |     609 |      81 |           178 |    167390
     6900 |     621 |      81 |           179 |    167290
     7000 |     639 |      98 |           188 |    167190
     7100 |     640 |     102 |           219 |    167090
     7200 |     642 |     103 |           223 |    166990
     7300 |     642 |     103 |           223 |    166890
     7400 |     645 |     103 |           223 |    166790
     7500 |     659 |     103 |           224 |    166690
     7600 |     660 |     103 |           227 |    166590
     7700 |     660 |     103 |           228 |    166490
     7800 |     684 |     103 |           231 |    166390
     7900 |     696 |     103 |           231 |    166290
     8000 |     718 |     108 |           234 |    166190
     8100 |     718 |     108 |           234 |    166090
     8200 |     725 |     108 |           236 |    165990
     8300 |     729 |     108 |           238 |    165890
     8400 |     729 |     108 |           239 |    165790
     8500 |     729 |     108 |           240 |    165690
     8600 |     729 |     108 |           241 |    165590
     8700 |     729 |     108 |           241 |    165490
     8800 |     731 |     108 |           241 |    165390
     8900 |     733 |     108 |           241 |    165290
     9000 |     733 |     108 |           242 |    165190
     9100 |     733 |     108 |           243 |    165090
     9200 |     733 |     108 |           243 |    164990
     9300 |     733 |     108 |           244 |    164890
     9400 |     733 |     108 |           275 |    164790
     9500 |     733 |     108 |           291 |    164690
     9600 |     733 |     108 |           308 |    164590
     9700 |     733 |     108 |           308 |    164490
     9800 |     733 |     108 |           309 |    164390
     9900 |     733 |     108 |           310 |    164290
    10000 |     735 |     108 |           311 |    164190
    10100 |     742 |     108 |           316 |    164090
    10200 |     745 |     112 |           320 |    163990
    10300 |     748 |     112 |           322 |    163890
    10400 |     748 |     112 |           322 |    163790
    10500 |     748 |     112 |           322 |    163690
    10600 |     748 |     112 |           322 |    163590
    10700 |     748 |     112 |           322 |    163490
    10800 |     748 |     112 |           322 |    163390
    10900 |     765 |     116 |           330 |    163290
    11000 |     765 |     116 |           331 |    163190
    11100 |     765 |     116 |           331 |    163090
    11200 |     767 |     119 |           336 |    162990
    11300 |     770 |     121 |           338 |    162890
    11400 |     770 |     121 |           339 |    162790
    11500 |     778 |     129 |           342 |    162690
    11600 |     778 |     129 |           342 |    162590
    11700 |     801 |     174 |           348 |    162490
    11800 |     823 |     189 |           350 |    162390
    11900 |     849 |     189 |           350 |    162290
    12000 |     862 |     189 |           350 |    162190
    12100 |     882 |     190 |           351 |    162090
    12200 |     888 |     190 |           351 |    161990
    12300 |     916 |     190 |           351 |    161890
    12400 |     942 |     190 |           351 |    161790
    12500 |     974 |     190 |           351 |    161690
    12600 |    1025 |     190 |           351 |    161590
    12700 |    1073 |     190 |           351 |    161490
    12800 |    1107 |     191 |           352 |    161390
    12900 |    1140 |     193 |           353 |    161290
    13000 |    1155 |     196 |           354 |    161190
    13100 |    1168 |     196 |           354 |    161090
    13200 |    1197 |     196 |           354 |    160990
    13300 |    1240 |     196 |           354 |    160890
    13400 |    1269 |     196 |           354 |    160790
    13500 |    1334 |     196 |           354 |    160690
    13600 |    1356 |     196 |           356 |    160590
    13700 |    1412 |     196 |           356 |    160490
    13800 |    1437 |     196 |           369 |    160390
    13900 |    1460 |     197 |           370 |    160290
    14000 |    1483 |     197 |           372 |    160190
    14100 |    1497 |     198 |           376 |    160090
    14200 |    1514 |     200 |           377 |    159990
    14300 |    1514 |     200 |           377 |    159890
    14400 |    1514 |     200 |           377 |    159790
    14500 |    1514 |     200 |           377 |    159690
    14600 |    1514 |     200 |           377 |    159590
    14700 |    1514 |     200 |           379 |    159490
    14800 |    1514 |     200 |           379 |    159390
    14900 |    1514 |     200 |           379 |    159290
    15000 |    1540 |     201 |           380 |    159190
    15100 |    1556 |     201 |           415 |    159090
    15200 |    1556 |     201 |           515 |    158990
    15300 |    1556 |     201 |           615 |    158890
    15400 |    1561 |     215 |           685 |    158790
    15500 |    1568 |     215 |           685 |    158690
    15600 |    1573 |     215 |           686 |    158590
    15700 |    1595 |     215 |           689 |    158490
    15800 |    1608 |     225 |           697 |    158390
    15900 |    1634 |     225 |           697 |    158290
    16000 |    1643 |     225 |           697 |    158190
    16100 |    1649 |     225 |           697 |    158090
    16200 |    1662 |     225 |           697 |    157990
    16300 |    1673 |     228 |           698 |    157890
    16400 |    1695 |     228 |           698 |    157790
    16500 |    1696 |     228 |           698 |    157690
    16600 |    1696 |     228 |           698 |    157590
    16700 |    1696 |     228 |           698 |    157490
    16800 |    1703 |     228 |           698 |    157390
    16900 |    1713 |     228 |           703 |    157290
    17000 |    1738 |     228 |           704 |    157190
    17100 |    1739 |     228 |           704 |    157090
    17200 |    1739 |     228 |           704 |    156990
    17300 |    1739 |     228 |           704 |    156890
    17400 |    1739 |     228 |           704 |    156790
    17500 |    1739 |     228 |           704 |    156690
    17600 |    1739 |     228 |           704 |    156590
    17700 |    1739 |     228 |           704 |    156490
    17800 |    1739 |     228 |           704 |    156390
    17900 |    1739 |     228 |           704 |    156290
    18000 |    1739 |     228 |           704 |    156190
    18100 |    1739 |     228 |           704 |    156090
    18200 |    1739 |     228 |           704 |    155990
    18300 |    1739 |     228 |           704 |    155890
    18400 |    1739 |     228 |           704 |    155790
    18500 |    1739 |     228 |           704 |    155690
    18600 |    1739 |     228 |           704 |    155590
    18700 |    1740 |     229 |           705 |    155490
    18800 |    1740 |     229 |           705 |    155390
    18900 |    1740 |     229 |           705 |    155290
    19000 |    1742 |     229 |           705 |    155190
    19100 |    1742 |     229 |           705 |    155090
    19200 |    1743 |     229 |           705 |    154990
    19300 |    1743 |     229 |           705 |    154890
    19400 |    1744 |     229 |           705 |    154790
    19500 |    1747 |     229 |           705 |    154690
    19600 |    1751 |     229 |           707 |    154590
    19700 |    1783 |     229 |           708 |    154490
    19800 |    1811 |     229 |           710 |    154390
    19900 |    1815 |     229 |           710 |    154290
    20000 |    1817 |     229 |           710 |    154190
    20100 |    1821 |     229 |           710 |    154090
    20200 |    1823 |     231 |           711 |    153990
    20300 |    1825 |     233 |           712 |    153890
    20400 |    1827 |     233 |           712 |    153790
    20500 |    1831 |     233 |           712 |    153690
    20600 |    1833 |     233 |           712 |    153590
    20700 |    1838 |     233 |           712 |    153490
    20800 |    1847 |     233 |           712 |    153390
    20900 |    1853 |     233 |           712 |    153290
    21000 |    1861 |     233 |           712 |    153190
    21100 |    1864 |     233 |           712 |    153090
    21200 |    1869 |     233 |           712 |    152990
    21300 |    1869 |     233 |           712 |    152890
    21400 |    1889 |     236 |           714 |    152790
    21500 |    1914 |     236 |           714 |    152690
    21600 |    1918 |     236 |           714 |    152590
    21700 |    1921 |     236 |           714 |    152490
    21800 |    1923 |     236 |           714 |    152390
    21900 |    1928 |     251 |           719 |    152290
    22000 |    1931 |     255 |           721 |    152190
    22100 |    1956 |     257 |           722 |    152090
    22200 |    1969 |     257 |           722 |    151990
    22300 |    1991 |     257 |           722 |    151890
    22400 |    2014 |     271 |           725 |    151790
    22500 |    2015 |     271 |           725 |    151690
    22600 |    2018 |     271 |           725 |    151590
    22700 |    2019 |     273 |           726 |    151490
    22800 |    2021 |     277 |           728 |    151390
    22900 |    2031 |     280 |           730 |    151290
    23000 |    2041 |     280 |           730 |    151190
    23100 |    2074 |     296 |           735 |    151090
    23200 |    2077 |     296 |           735 |    150990
    23300 |    2120 |     316 |           757 |    150890
    23400 |    2191 |     555 |           810 |    150790
    23500 |    2267 |     866 |           886 |    150690
    23600 |    2274 |     866 |           886 |    150590
    23700 |    2274 |     866 |           886 |    150490
    23800 |    2274 |     866 |           886 |    150390
    23900 |    2274 |     866 |           886 |    150290
    24000 |    2274 |     866 |           886 |    150190
    24100 |    2274 |     866 |           886 |    150090
    24200 |    2274 |     866 |           886 |    149990
    24300 |    2274 |     866 |           886 |    149890
    24400 |    2274 |     866 |           886 |    149790
    24500 |    2274 |     866 |           886 |    149690
    24600 |    2276 |     866 |           886 |    149590
    24700 |    2316 |     885 |           896 |    149490
    24800 |    2416 |     897 |           908 |    149390
    24900 |    2461 |     916 |           919 |    149290
    25000 |    2504 |     916 |           919 |    149190
    25100 |    2549 |     916 |           919 |    149090
    25200 |    2567 |     948 |           929 |    148990
    25300 |    2587 |     949 |           930 |    148890
    25400 |    2589 |     949 |           930 |    148790
    25500 |    2591 |     949 |           930 |    148690
    25600 |    2591 |     949 |           956 |    148590
    25700 |    2591 |     949 |           999 |    148490
    25800 |    2642 |    1165 |          1064 |    148390
    25900 |    2658 |    1165 |          1064 |    148290
    26000 |    2712 |    1165 |          1064 |    148190
    26100 |    2715 |    1165 |          1064 |    148090
    26200 |    2721 |    1165 |          1064 |    147990
    26300 |    2725 |    1165 |          1078 |    147890
    26400 |    2733 |    1165 |          1148 |    147790
    26500 |    2748 |    1165 |          1234 |    147690
    26600 |    2769 |    1171 |          1242 |    147590
    26700 |    2784 |    1172 |          1243 |    147490
    26800 |    2840 |    1174 |          1255 |    147390
    26900 |    2862 |    1176 |          1258 |    147290
    27000 |    2926 |    1183 |          1260 |    147190
    27100 |    2936 |    1183 |          1260 |    147090
    27200 |    2951 |    1183 |          1260 |    146990
    27300 |    2968 |    1183 |          1260 |    146890
    27400 |    2973 |    1183 |          1260 |    146790
    27500 |    2974 |    1183 |          1260 |    146690
    27600 |    2975 |    1183 |          1266 |    146590
    27700 |    2997 |    1184 |          1269 |    146490
    27800 |    2999 |    1184 |          1269 |    146390
    27900 |    3051 |    1184 |          1269 |    146290
    28000 |    3100 |    1184 |          1269 |    146190
    28100 |    3120 |    1184 |          1269 |    146090
    28200 |    3123 |    1184 |          1269 |    145990
    28300 |    3159 |    1184 |          1269 |    145890
    28400 |    3163 |    1184 |          1269 |    145790
    28500 |    3170 |    1184 |          1269 |    145690
    28600 |    3172 |    1184 |          1277 |    145590
    28700 |    3208 |    1188 |          1279 |    145490
    28800 |    3215 |    1188 |          1279 |    145390
    28900 |    3221 |    1188 |          1279 |    145290
    29000 |    3241 |    1188 |          1279 |    145190
    29100 |    3264 |    1188 |          1279 |    145090
    29200 |    3290 |    1188 |          1279 |    144990
    29300 |    3290 |    1188 |          1279 |    144890
    29400 |    3292 |    1190 |          1280 |    144790
    29500 |    3292 |    1190 |          1280 |    144690
    29600 |    3314 |    1190 |          1280 |    144590
    29700 |    3332 |    1191 |          1281 |    144490
    29800 |    3343 |    1191 |          1281 |    144390
    29900 |    3387 |    1194 |          1282 |    144290
    30000 |    3427 |    1194 |          1282 |    144190
    30100 |    3430 |    1194 |          1282 |    144090
    30200 |    3444 |    1196 |          1283 |    143990
    30300 |    3469 |    1196 |          1283 |    143890
    30400 |    3477 |    1196 |          1283 |    143790
    30500 |    3485 |    1196 |          1283 |    143690
    30600 |    3485 |    1196 |          1284 |    143590
    30700 |    3485 |    1196 |          1284 |    143490
    30800 |    3485 |    1196 |          1284 |    143390
    30900 |    3486 |    1198 |          1285 |    143290
    31000 |    3488 |    1200 |          1286 |    143190
    31100 |    3488 |    1200 |          1286 |    143090
    31200 |    3488 |    1200 |          1286 |    142990
    31300 |    3489 |    1202 |          1287 |    142890
    31400 |    3490 |    1203 |          1288 |    142790
    31500 |    3514 |    1203 |          1288 |    142690
    31600 |    3558 |    1215 |          1295 |    142590
    31700 |    3623 |    1217 |          1296 |    142490
    31800 |    3634 |    1217 |          1296 |    142390
    31900 |    3638 |    1217 |          1296 |    142290
    32000 |    3638 |    1217 |          1296 |    142190
    32100 |    3658 |    1218 |          1298 |    142090
    32200 |    3700 |    1221 |          1300 |    141990
    32300 |    3711 |    1221 |          1300 |    141890
    32400 |    3715 |    1221 |          1300 |    141790
    32500 |    3720 |    1221 |          1300 |    141690
    32600 |    3721 |    1221 |          1300 |    141590
    32700 |    3721 |    1221 |          1300 |    141490
    32800 |    3722 |    1222 |          1301 |    141390
    32900 |    3723 |    1224 |          1302 |    141290
    33000 |    3723 |    1224 |          1302 |    141190
    33100 |    3723 |    1224 |          1302 |    141090
    33200 |    3724 |    1224 |          1302 |    140990
    33300 |    3729 |    1224 |          1302 |    140890
    33400 |    3729 |    1224 |          1302 |    140790
    33500 |    3729 |    1224 |          1302 |    140690
    33600 |    3730 |    1226 |          1303 |    140590
    33700 |    3730 |    1226 |          1303 |    140490
    33800 |    3730 |    1226 |          1303 |    140390
    33900 |    3745 |    1226 |          1303 |    140290
    34000 |    3767 |    1226 |          1303 |    140190
    34100 |    3808 |    1226 |          1305 |    140090
    34200 |    3868 |    1290 |          1317 |    139990
    34300 |    3890 |    1307 |          1320 |    139890
    34400 |    3916 |    1307 |          1320 |    139790
    34500 |    3929 |    1307 |          1320 |    139690
    34600 |    3937 |    1307 |          1320 |    139590
    34700 |    3963 |    1307 |          1320 |    139490
    34800 |    3998 |    1319 |          1324 |    139390
    34900 |    4042 |    1320 |          1325 |    139290
    35000 |    4053 |    1320 |          1325 |    139190
    35100 |    4061 |    1320 |          1325 |    139090
    35200 |    4070 |    1320 |          1325 |    138990
    35300 |    4085 |    1322 |          1327 |    138890
    35400 |    4124 |    1329 |          1331 |    138790
    35500 |    4158 |    1334 |          1333 |    138690
    35600 |    4167 |    1334 |          1333 |    138590
    35700 |    4171 |    1334 |          1334 |    138490
    35800 |    4177 |    1334 |          1334 |    138390
    35900 |    4179 |    1334 |          1334 |    138290
    36000 |    4179 |    1334 |          1334 |    138190
    36100 |    4179 |    1334 |          1334 |    138090
    36200 |    4179 |    1334 |          1334 |    137990
    36300 |    4179 |    1334 |          1334 |    137890
    36400 |    4179 |    1334 |          1334 |    137790
    36500 |    4179 |    1334 |          1334 |    137690
    36600 |    4179 |    1334 |          1334 |    137590
    36700 |    4179 |    1334 |          1334 |    137490
    36800 |    4179 |    1334 |          1334 |    137390
    36900 |    4179 |    1334 |          1334 |    137290
    37000 |    4179 |    1334 |          1334 |    137190
    37100 |    4179 |    1334 |          1334 |    137090
    37200 |    4179 |    1334 |          1334 |    136990
    37300 |    4179 |    1334 |          1334 |    136890
    37400 |    4179 |    1334 |          1334 |    136790
    37500 |    4179 |    1334 |          1334 |    136690
    37600 |    4179 |    1334 |          1334 |    136590
    37700 |    4179 |    1334 |          1334 |    136490
    37800 |    4179 |    1334 |          1334 |    136390
    37900 |    4179 |    1334 |          1334 |    136290
    38000 |    4179 |    1334 |          1334 |    136190
    38100 |    4179 |    1334 |          1334 |    136090
    38200 |    4179 |    1334 |          1334 |    135990
    38300 |    4179 |    1334 |          1334 |    135890
    38400 |    4179 |    1334 |          1334 |    135790
    38500 |    4179 |    1334 |          1334 |    135690
    38600 |    4179 |    1334 |          1334 |    135590
    38700 |    4179 |    1334 |          1334 |    135490
    38800 |    4179 |    1334 |          1334 |    135390
    38900 |    4179 |    1334 |          1334 |    135290
    39000 |    4179 |    1334 |          1334 |    135190
    39100 |    4179 |    1334 |          1334 |    135090
    39200 |    4179 |    1334 |          1334 |    134990
    39300 |    4179 |    1334 |          1334 |    134890
    39400 |    4179 |    1334 |          1334 |    134790
    39500 |    4179 |    1334 |          1334 |    134690
    39600 |    4179 |    1334 |          1334 |    134590
    39700 |    4179 |    1334 |          1334 |    134490
    39800 |    4179 |    1334 |          1334 |    134390
    39900 |    4179 |    1334 |          1334 |    134290
    40000 |    4186 |    1334 |          1334 |    134190
    40100 |    4231 |    1341 |          1340 |    134090
    40200 |    4261 |    1341 |          1340 |    133990
    40300 |    4289 |    1341 |          1340 |    133890
    40400 |    4307 |    1343 |          1341 |    133790
    40500 |    4307 |    1343 |          1341 |    133690
    40600 |    4338 |    1343 |          1341 |    133590
    40700 |    4339 |    1343 |          1341 |    133490
    40800 |    4374 |    1403 |          1359 |    133390
    40900 |    4425 |    1560 |          1404 |    133290
    41000 |    4459 |    1560 |          1404 |    133190
    41100 |    4492 |    1561 |          1405 |    133090
    41200 |    4502 |    1561 |          1405 |    132990
    41300 |    4525 |    1561 |          1405 |    132890
    41400 |    4528 |    1561 |          1405 |    132790
    41500 |    4548 |    1561 |          1405 |    132690
    41600 |    4580 |    1562 |          1406 |    132590
    41700 |    4610 |    1563 |          1408 |    132490
    41800 |    4621 |    1563 |          1408 |    132390
    41900 |    4641 |    1563 |          1408 |    132290
    42000 |    4668 |    1565 |          1411 |    132190
    42100 |    4732 |    1565 |          1411 |    132090
    42200 |    4759 |    1565 |          1419 |    131990
    42300 |    4769 |    1565 |          1419 |    131890
    42400 |    4781 |    1566 |          1420 |    131790
    42500 |    4788 |    1566 |          1420 |    131690
    42600 |    4835 |    1566 |          1420 |    131590
    42700 |    4855 |    1566 |          1420 |    131490
    42800 |    4874 |    1566 |          1420 |    131390
    42900 |    4878 |    1567 |          1421 |    131290
    43000 |    4895 |    1567 |          1421 |    131190
    43100 |    4917 |    1570 |          1424 |    131090
    43200 |    4996 |    1570 |          1481 |    130990
    43300 |    5035 |    1587 |          1487 |    130890
    43400 |    5051 |    1589 |          1489 |    130790
    43500 |    5051 |    1589 |          1489 |    130690
    43600 |    5064 |    1589 |          1489 |    130590
    43700 |    5107 |    1589 |          1489 |    130490
    43800 |    5147 |    1589 |          1489 |    130390
    43900 |    5172 |    1589 |          1489 |    130290
    44000 |    5172 |    1589 |          1489 |    130190
    44100 |    5180 |    1591 |          1490 |    130090
    44200 |    5206 |    1591 |          1490 |    129990
    44300 |    5268 |    1592 |          1555 |    129890
    44400 |    5327 |    1595 |          1557 |    129790
    44500 |    5331 |    1595 |          1557 |    129690
    44600 |    5350 |    1596 |          1558 |    129590
    44700 |    5358 |    1598 |          1560 |    129490
    44800 |    5392 |    1598 |          1560 |    129390
    44900 |    5423 |    1598 |          1560 |    129290
    45000 |    5455 |    1598 |          1560 |    129190
    45100 |    5462 |    1598 |          1560 |    129090
    45200 |    5472 |    1598 |          1560 |    128990
    45300 |    5475 |    1598 |          1560 |    128890
    45400 |    5478 |    1598 |          1560 |    128790
    45500 |    5549 |    1598 |          1604 |    128690
    45600 |    5597 |    1598 |          1605 |    128590
    45700 |    5667 |    1608 |          1608 |    128490
    45800 |    5688 |    1608 |          1608 |    128390
    45900 |    5713 |    1608 |          1608 |    128290
    46000 |    5756 |    1608 |          1608 |    128190
    46100 |    5776 |    1608 |          1608 |    128090
    46200 |    5806 |    1608 |          1608 |    127990
    46300 |    5806 |    1614 |          1609 |    127890
    46400 |    5806 |    1614 |          1609 |    127790
    46500 |    5836 |    1615 |          1611 |    127690
    46600 |    5891 |    1615 |          1611 |    127590
    46700 |    5913 |    1615 |          1611 |    127490
    46800 |    5959 |    1615 |          1611 |    127390
    46900 |    5992 |    1622 |          1613 |    127290
    47000 |    6009 |    1622 |          1613 |    127190
    47100 |    6036 |    1622 |          1613 |    127090
    47200 |    6074 |    1625 |          1616 |    126990
    47300 |    6088 |    1625 |          1616 |    126890
    47400 |    6115 |    1625 |          1617 |    126790
    47500 |    6141 |    1625 |          1617 |    126690
    47600 |    6141 |    1625 |          1617 |    126590
    47700 |    6141 |    1625 |          1617 |    126490
    47800 |    6186 |    1627 |          1621 |    126390
    47900 |    6219 |    1627 |          1621 |    126290
    48000 |    6224 |    1627 |          1671 |    126190
    48100 |    6240 |    1627 |          1683 |    126090
    48200 |    6257 |    1627 |          1683 |    125990
    48300 |    6330 |    1628 |          1684 |    125890
    48400 |    6362 |    1632 |          1685 |    125790
    48500 |    6387 |    1632 |          1685 |    125690
    48600 |    6398 |    1632 |          1685 |    125590
    48700 |    6435 |    1632 |          1685 |    125490
    48800 |    6476 |    1633 |          1686 |    125390
    48900 |    6496 |    1633 |          1686 |    125290
    49000 |    6496 |    1633 |          1686 |    125190
    49100 |    6531 |    1633 |          1686 |    125090
    49200 |    6531 |    1633 |          1686 |    124990
    49300 |    6532 |    1633 |          1686 |    124890
    49400 |    6562 |    1636 |          1695 |    124790
    49500 |    6605 |    1636 |          1695 |    124690
    49600 |    6616 |    1636 |          1698 |    124590
    49700 |    6664 |    1636 |          1698 |    124490
    49800 |    6717 |    1636 |          1698 |    124390
    49900 |    6787 |    1644 |          1699 |    124290
    50000 |    6795 |    1644 |          1699 |    124190
    50100 |    6810 |    1644 |          1699 |    124090
    50200 |    6824 |    1644 |          1699 |    123990
    50300 |    6857 |    1644 |          1699 |    123890
    50400 |    6892 |    1644 |          1699 |    123790
    50500 |    6936 |    1648 |          1701 |    123690
    50600 |    6957 |    1652 |          1702 |    123590
    50700 |    6965 |    1652 |          1702 |    123490
    50800 |    6986 |    1652 |          1702 |    123390
    50900 |    6986 |    1652 |          1702 |    123290
    51000 |    6986 |    1652 |          1702 |    123190
    51100 |    6991 |    1652 |          1702 |    123090
    51200 |    7029 |    1653 |          1712 |    122990
    51300 |    7056 |    1653 |          1712 |    122890
    51400 |    7085 |    1653 |          1712 |    122790
    51500 |    7104 |    1657 |          1716 |    122690
    51600 |    7170 |    1683 |          1735 |    122590
    51700 |    7208 |    1699 |          1751 |    122490
    51800 |    7212 |    1699 |          1751 |    122390
    51900 |    7214 |    1699 |          1751 |    122290
    52000 |    7217 |    1699 |          1751 |    122190
    52100 |    7223 |    1699 |          1751 |    122090
    52200 |    7229 |    1699 |          1751 |    121990
    52300 |    7248 |    1700 |          1752 |    121890
    52400 |    7274 |    1701 |          1753 |    121790
    52500 |    7306 |    1706 |          1756 |    121690
    52600 |    7309 |    1706 |          1757 |    121590
    52700 |    7352 |    1711 |          1758 |    121490
    52800 |    7362 |    1711 |          1758 |    121390
    52900 |    7362 |    1713 |          1760 |    121290
    53000 |    7362 |    1713 |          1760 |    121190
    53100 |    7380 |    1713 |          1760 |    121090
    53200 |    7401 |    1714 |          1768 |    120990
    53300 |    7437 |    1714 |          1768 |    120890
    53400 |    7472 |    1714 |          1768 |    120790
    53500 |    7492 |    1714 |          1769 |    120690
    53600 |    7507 |    1714 |          1769 |    120590
    53700 |    7584 |    1714 |          1769 |    120490
    53800 |    7639 |    1714 |          1769 |    120390
    53900 |    7692 |    1714 |          1769 |    120290
    54000 |    7720 |    1715 |          1770 |    120190
    54100 |    7772 |    1715 |          1822 |    120090
    54200 |    7798 |    1715 |          1849 |    119990
    54300 |    7799 |    1715 |          1850 |    119890
    54400 |    7853 |    1715 |          1850 |    119790
    54500 |    7873 |    1716 |          1851 |    119690
    54600 |    7917 |    1717 |          1852 |    119590
    54700 |    7939 |    1717 |          1852 |    119490
    54800 |    7943 |    1717 |          1852 |    119390
    54900 |    7958 |    1718 |          1853 |    119290
    55000 |    8039 |    1718 |          1853 |    119190
    55100 |    8039 |    1718 |          1853 |    119090
    55200 |    8039 |    1719 |          1854 |    118990
    55300 |    8039 |    1719 |          1854 |    118890
    55400 |    8053 |    1719 |          1854 |    118790
    55500 |    8079 |    1721 |          1860 |    118690
    55600 |    8107 |    1721 |          1860 |    118590
    55700 |    8147 |    1721 |          1860 |    118490
    55800 |    8178 |    1721 |          1861 |    118390
    55900 |    8192 |    1721 |          1861 |    118290
    56000 |    8197 |    1721 |          1861 |    118190
    56100 |    8221 |    1730 |          1870 |    118090
    56200 |    8221 |    1730 |          1870 |    117990
    56300 |    8221 |    1730 |          1870 |    117890
    56400 |    8232 |    1730 |          1912 |    117790
    56500 |    8280 |    1730 |          2002 |    117690
    56600 |    8314 |    1730 |          2093 |    117590
    56700 |    8325 |    1730 |          2183 |    117490
    56800 |    8375 |    1730 |          2232 |    117390
    56900 |    8428 |    1730 |          2232 |    117290
    57000 |    8505 |    1730 |          2232 |    117190
    57100 |    8574 |    1730 |          2232 |    117090
    57200 |    8608 |    1730 |          2232 |    116990
    57300 |    8621 |    1732 |          2233 |    116890
    57400 |    8621 |    1732 |          2251 |    116790
    57500 |    8653 |    1773 |          2298 |    116690
    57600 |    8698 |    1777 |          2303 |    116590
    57700 |    8738 |    1786 |          2305 |    116490
    57800 |    8757 |    1786 |          2305 |    116390
    57900 |    8815 |    1786 |          2305 |    116290
    58000 |    8902 |    1786 |          2315 |    116190
    58100 |    8902 |    1786 |          2415 |    116090
    58200 |    8902 |    1786 |          2433 |    115990
    58300 |    8905 |    1786 |          2433 |    115890
    58400 |    8906 |    1786 |          2433 |    115790
    58500 |    8951 |    1786 |          2438 |    115690
    58600 |    9034 |    1786 |          2472 |    115590
    58700 |    9053 |    1786 |          2494 |    115490
    58800 |    9069 |    1786 |          2495 |    115390
    58900 |    9069 |    1786 |          2495 |    115290
    59000 |    9069 |    1786 |          2495 |    115190
    59100 |    9069 |    1786 |          2495 |    115090
    59200 |    9069 |    1786 |          2495 |    114990
    59300 |    9081 |    1786 |          2496 |    114890
    59400 |    9084 |    1786 |          2496 |    114790
    59500 |    9097 |    1786 |          2496 |    114690
    59600 |    9130 |    1786 |          2496 |    114590
    59700 |    9178 |    1786 |          2496 |    114490
    59800 |    9183 |    1786 |          2496 |    114390
    59900 |    9208 |    1786 |          2496 |    114290
    60000 |    9225 |    1786 |          2496 |    114190
    60100 |    9225 |    1786 |          2496 |    114090
    60200 |    9225 |    1786 |          2496 |    113990
    60300 |    9230 |    1786 |          2510 |    113890
    60400 |    9292 |    1786 |          2600 |    113790
    60500 |    9380 |    1786 |          2690 |    113690
    60600 |    9442 |    1786 |          2780 |    113590
    60700 |    9500 |    1786 |          2858 |    113490
    60800 |    9500 |    1786 |          2858 |    113390
    60900 |    9500 |    1786 |          2858 |    113290
    61000 |    9516 |    1787 |          2859 |    113190
    61100 |    9553 |    1787 |          2859 |    113090
    61200 |    9554 |    1787 |          2859 |    112990
    61300 |    9557 |    1787 |          2865 |    112890
    61400 |    9569 |    1805 |          2955 |    112790
    61500 |    9594 |    1829 |          2975 |    112690
    61600 |    9639 |    1830 |          2976 |    112590
    61700 |    9696 |    1834 |          2980 |    112490
    61800 |    9742 |    1839 |          2985 |    112390
    61900 |    9782 |    1839 |          2985 |    112290
    62000 |    9789 |    1840 |          2986 |    112190
    62100 |    9797 |    1840 |          3036 |    112090
    62200 |    9798 |    1840 |          3116 |    111990
    62300 |    9801 |    1840 |          3159 |    111890
    62400 |    9801 |    1840 |          3255 |    111790
    62500 |    9802 |    1840 |          3353 |    111690
    62600 |    9803 |    1840 |          3445 |    111590
    62700 |    9803 |    1840 |          3544 |    111490
    62800 |    9868 |    1840 |          3544 |    111390
    62900 |    9872 |    1843 |          3546 |    111290
    63000 |    9884 |    1843 |          3547 |    111190
    63100 |    9884 |    1843 |          3547 |    111090
    63200 |    9884 |    1843 |          3547 |    110990
    63300 |    9884 |    1843 |          3547 |    110890
    63400 |    9884 |    1843 |          3547 |    110790
    63500 |    9884 |    1843 |          3547 |    110690
    63600 |    9887 |    1843 |          3547 |    110590
    63700 |    9894 |    1843 |          3547 |    110490
    63800 |    9917 |    1843 |          3547 |    110390
    63900 |    9951 |    1843 |          3547 |    110290
    64000 |    9977 |    1843 |          3547 |    110190
    64100 |    9977 |    1843 |          3547 |    110090
    64200 |    9995 |    1843 |          3548 |    109990
    64300 |   10001 |    1843 |          3548 |    109890
    64400 |   10034 |    1843 |          3549 |    109790
    64500 |   10073 |    1843 |          3549 |    109690
    64600 |   10094 |    1843 |          3554 |    109590
    64700 |   10094 |    1843 |          3554 |    109490
    64800 |   10094 |    1843 |          3554 |    109390
    64900 |   10133 |    1843 |          3595 |    109290
    65000 |   10215 |    1843 |          3685 |    109190
    65100 |   10305 |    1843 |          3776 |    109090
    65200 |   10391 |    1843 |          3866 |    108990
    65300 |   10441 |    1843 |          3917 |    108890
    65400 |   10441 |    1843 |          3946 |    108790
    65500 |   10441 |    1843 |          3967 |    108690
    65600 |   10474 |    1843 |          3967 |    108590
    65700 |   10516 |    1843 |          3967 |    108490
    65800 |   10516 |    1843 |          3967 |    108390
    65900 |   10517 |    1843 |          3967 |    108290
    66000 |   10554 |    1843 |          3977 |    108190
    66100 |   10592 |    1843 |          3977 |    108090
    66200 |   10630 |    1843 |          3977 |    107990
    66300 |   10669 |    1844 |          3978 |    107890
    66400 |   10722 |    1846 |          3979 |    107790
    66500 |   10772 |    1846 |          3979 |    107690
    66600 |   10772 |    1847 |          3980 |    107590
    66700 |   10818 |    1867 |          4000 |    107490
    66800 |   10859 |    1869 |          4037 |    107390
    66900 |   10956 |    1869 |          4132 |    107290
    67000 |   10958 |    1869 |          4133 |    107190
    67100 |   10960 |    1869 |          4178 |    107090
    67200 |   10965 |    1873 |          4270 |    106990
    67300 |   11000 |    1907 |          4338 |    106890
    67400 |   11006 |    1911 |          4411 |    106790
    67500 |   11011 |    1914 |          4413 |    106690
    67600 |   11013 |    1914 |          4413 |    106590
    67700 |   11046 |    1914 |          4413 |    106490
    67800 |   11048 |    1914 |          4413 |    106390
    67900 |   11048 |    1914 |          4413 |    106290
    68000 |   11048 |    1914 |          4413 |    106190
    68100 |   11048 |    1914 |          4413 |    106090
    68200 |   11048 |    1914 |          4413 |    105990
    68300 |   11048 |    1914 |          4413 |    105890
    68400 |   11048 |    1914 |          4413 |    105790
    68500 |   11048 |    1914 |          4413 |    105690
    68600 |   11049 |    1914 |          4413 |    105590
    68700 |   11071 |    1914 |          4413 |    105490
    68800 |   11082 |    1914 |          4414 |    105390
    68900 |   11113 |    1914 |          4414 |    105290
    69000 |   11143 |    1914 |          4414 |    105190
    69100 |   11144 |    1914 |          4414 |    105090
    69200 |   11164 |    1914 |          4414 |    104990
    69300 |   11170 |    1915 |          4415 |    104890
    69400 |   11193 |    1917 |          4416 |    104790
    69500 |   11251 |    1922 |          4417 |    104690
    69600 |   11267 |    1922 |          4419 |    104590
    69700 |   11270 |    1925 |          4421 |    104490
    69800 |   11270 |    1925 |          4421 |    104390
    69900 |   11275 |    1925 |          4427 |    104290
    70000 |   11278 |    1925 |          4518 |    104190
    70100 |   11295 |    1925 |          4608 |    104090
    70200 |   11295 |    1925 |          4698 |    103990
    70300 |   11295 |    1925 |          4784 |    103890
    70400 |   11295 |    1925 |          4792 |    103790
    70500 |   11295 |    1925 |          4834 |    103690
    70600 |   11299 |    1925 |          4834 |    103590
    70700 |   11342 |    1925 |          4834 |    103490
    70800 |   11355 |    1925 |          4834 |    103390
    70900 |   11355 |    1925 |          4834 |    103290
    71000 |   11355 |    1925 |          4834 |    103190
    71100 |   11380 |    1925 |          4836 |    103090
    71200 |   11410 |    1925 |          4836 |    102990
    71300 |   11439 |    1925 |          4836 |    102890
    71400 |   11467 |    1925 |          4837 |    102790
    71500 |   11496 |    1925 |          4837 |    102690
    71600 |   11532 |    1925 |          4837 |    102590
    71700 |   11591 |    1926 |          4838 |    102490
    71800 |   11614 |    1926 |          4838 |    102390
    71900 |   11621 |    1926 |          4838 |    102290
    72000 |   11652 |    1931 |          4843 |    102190
    72100 |   11663 |    1938 |          4900 |    102090
    72200 |   11663 |    1938 |          4976 |    101990
    72300 |   11665 |    1939 |          5020 |    101890
    72400 |   11684 |    1962 |          5042 |    101790
    72500 |   11706 |    1967 |          5045 |    101690
    72600 |   11721 |    1968 |          5046 |    101590
    72700 |   11727 |    1970 |          5049 |    101490
    72800 |   11730 |    1970 |          5049 |    101390
    72900 |   11730 |    1970 |          5049 |    101290
    73000 |   11730 |    1970 |          5049 |    101190
    73100 |   11730 |    1970 |          5049 |    101090
    73200 |   11730 |    1970 |          5049 |    100990
    73300 |   11730 |    1970 |          5049 |    100890
    73400 |   11730 |    1970 |          5049 |    100790
    73500 |   11730 |    1970 |          5049 |    100690
    73600 |   11730 |    1970 |          5049 |    100590
    73700 |   11730 |    1970 |          5049 |    100490
    73800 |   11734 |    1970 |          5049 |    100390
    73900 |   11752 |    1973 |          5052 |    100290
    74000 |   11760 |    1973 |          5052 |    100190
    74100 |   11788 |    1973 |          5052 |    100090
    74200 |   11818 |    1973 |          5052 |     99990
    74300 |   11835 |    1973 |          5052 |     99890
    74400 |   11835 |    1973 |          5052 |     99790
    74500 |   11853 |    1975 |          5053 |     99690
    74600 |   11862 |    1975 |          5053 |     99590
    74700 |   11876 |    1975 |          5053 |     99490
    74800 |   11897 |    1975 |          5054 |     99390
    74900 |   11926 |    1975 |          5054 |     99290
    75000 |   11955 |    1981 |          5055 |     99190
    75100 |   11989 |    1981 |          5069 |     99090
    75200 |   12043 |    1981 |          5095 |     98990
    75300 |   12043 |    1981 |          5095 |     98890
    75400 |   12043 |    1981 |          5095 |     98790
    75500 |   12067 |    1981 |          5160 |     98690
    75600 |   12121 |    1981 |          5260 |     98590
    75700 |   12176 |    1981 |          5360 |     98490
    75800 |   12242 |    1981 |          5460 |     98390
    75900 |   12285 |    1981 |          5560 |     98290
    76000 |   12287 |    1981 |          5660 |     98190
    76100 |   12288 |    1981 |          5760 |     98090
    76200 |   12302 |    1981 |          5819 |     97990
    76300 |   12353 |    1981 |          5819 |     97890
    76400 |   12377 |    1981 |          5819 |     97790
    76500 |   12377 |    1981 |          5819 |     97690
    76600 |   12434 |    1981 |          5819 |     97590
    76700 |   12434 |    1981 |          5819 |     97490
    76800 |   12434 |    1981 |          5915 |     97390
    76900 |   12439 |    1981 |          5985 |     97290
    77000 |   12439 |    1981 |          5985 |     97190
    77100 |   12439 |    1981 |          5985 |     97090
    77200 |   12439 |    1981 |          5985 |     96990
    77300 |   12439 |    1981 |          5985 |     96890
    77400 |   12439 |    1981 |          5985 |     96790
    77500 |   12439 |    1981 |          5985 |     96690
    77600 |   12439 |    1981 |          5985 |     96590
    77700 |   12439 |    1981 |          5985 |     96490
    77800 |   12439 |    1981 |          5985 |     96390
    77900 |   12464 |    1989 |          5986 |     96290
    78000 |   12490 |    1989 |          5987 |     96190
    78100 |   12519 |    1989 |          5987 |     96090
    78200 |   12535 |    1989 |          5987 |     95990
    78300 |   12561 |    1989 |          5987 |     95890
    78400 |   12597 |    1989 |          5987 |     95790
    78500 |   12645 |    1989 |          5988 |     95690
    78600 |   12681 |    1989 |          5988 |     95590
    78700 |   12719 |    1989 |          5989 |     95490
    78800 |   12746 |    1989 |          5989 |     95390
    78900 |   12758 |    1994 |          5990 |     95290
    79000 |   12758 |    1994 |          5990 |     95190
    79100 |   12758 |    1994 |          6055 |     95090
    79200 |   12759 |    1995 |          6056 |     94990
    79300 |   12782 |    1999 |          6081 |     94890
    79400 |   12856 |    2026 |          6180 |     94790
    79500 |   12900 |    2029 |          6188 |     94690
    79600 |   12905 |    2029 |          6288 |     94590
    79700 |   12930 |    2029 |          6378 |     94490
    79800 |   12965 |    2032 |          6401 |     94390
    79900 |   12967 |    2032 |          6401 |     94290
    80000 |   12989 |    2033 |          6410 |     94190
    80100 |   12989 |    2033 |          6410 |     94090
    80200 |   12989 |    2033 |          6410 |     93990
    80300 |   12989 |    2034 |          6411 |     93890
    80400 |   12989 |    2034 |          6411 |     93790
    80500 |   12989 |    2034 |          6411 |     93690
    80600 |   12989 |    2034 |          6411 |     93590
    80700 |   12989 |    2034 |          6411 |     93490
    80800 |   12989 |    2034 |          6411 |     93390
    80900 |   12989 |    2034 |          6411 |     93290
    81000 |   12989 |    2034 |          6411 |     93190
    81100 |   12989 |    2034 |          6411 |     93090
    81200 |   12989 |    2034 |          6411 |     92990
    81300 |   12989 |    2034 |          6411 |     92890
    81400 |   12989 |    2034 |          6411 |     92790
    81500 |   12989 |    2034 |          6411 |     92690
    81600 |   12989 |    2034 |          6411 |     92590
    81700 |   12989 |    2034 |          6411 |     92490
    81800 |   12995 |    2034 |          6411 |     92390
    81900 |   13017 |    2034 |          6411 |     92290
    82000 |   13051 |    2034 |          6411 |     92190
    82100 |   13064 |    2034 |          6411 |     92090
    82200 |   13064 |    2034 |          6411 |     91990
    82300 |   13106 |    2034 |          6411 |     91890
    82400 |   13206 |    2034 |          6411 |     91790
    82500 |   13213 |    2034 |          6411 |     91690
    82600 |   13243 |    2041 |          6414 |     91590
    82700 |   13264 |    2041 |          6414 |     91490
    82800 |   13320 |    2086 |          6443 |     91390
    82900 |   13366 |    2121 |          6478 |     91290
    83000 |   13382 |    2121 |          6478 |     91190
    83100 |   13410 |    2122 |          6479 |     91090
    83200 |   13432 |    2122 |          6487 |     90990
    83300 |   13462 |    2122 |          6488 |     90890
    83400 |   13496 |    2122 |          6489 |     90790
    83500 |   13496 |    2122 |          6489 |     90690
    83600 |   13498 |    2122 |          6489 |     90590
    83700 |   13499 |    2122 |          6489 |     90490
    83800 |   13505 |    2122 |          6525 |     90390
    83900 |   13505 |    2122 |          6536 |     90290
    84000 |   13505 |    2122 |          6547 |     90190
    84100 |   13505 |    2122 |          6557 |     90090
    84200 |   13506 |    2138 |          6619 |     89990
    84300 |   13520 |    2138 |          6719 |     89890
    84400 |   13527 |    2138 |          6819 |     89790
    84500 |   13541 |    2138 |          6852 |     89690
    84600 |   13567 |    2138 |          6852 |     89590
    84700 |   13595 |    2138 |          6852 |     89490
    84800 |   13619 |    2138 |          6852 |     89390
    84900 |   13650 |    2138 |          6852 |     89290
    85000 |   13662 |    2138 |          6852 |     89190
    85100 |   13748 |    2138 |          6852 |     89090
    85200 |   13750 |    2138 |          6852 |     88990
    85300 |   13750 |    2138 |          6852 |     88890
    85400 |   13750 |    2138 |          6928 |     88790
    85500 |   13751 |    2138 |          7018 |     88690
    85600 |   13780 |    2162 |          7026 |     88590
    85700 |   13802 |    2162 |          7026 |     88490
    85800 |   13813 |    2162 |          7026 |     88390
    85900 |   13832 |    2162 |          7026 |     88290
    86000 |   13850 |    2162 |          7027 |     88190
    86100 |   13863 |    2162 |          7028 |     88090
    86200 |   13881 |    2162 |          7028 |     87990
    86300 |   13888 |    2162 |          7028 |     87890
    86400 |   13918 |    2162 |          7028 |     87790
    86500 |   13935 |    2162 |          7028 |     87690
    86600 |   13950 |    2162 |          7028 |     87590
    86700 |   13985 |    2162 |          7028 |     87490
    86800 |   14022 |    2162 |          7028 |     87390
    86900 |   14044 |    2168 |          7030 |     87290
    87000 |   14046 |    2168 |          7030 |     87190
    87100 |   14054 |    2186 |          7036 |     87090
    87200 |   14055 |    2186 |          7036 |     86990
    87300 |   14087 |    2186 |          7036 |     86890
    87400 |   14149 |    2186 |          7036 |     86790
    87500 |   14189 |    2189 |          7037 |     86690
    87600 |   14189 |    2189 |          7037 |     86590
    87700 |   14213 |    2196 |          7039 |     86490
    87800 |   14213 |    2196 |          7039 |     86390
    87900 |   14213 |    2196 |          7039 |     86290
    88000 |   14213 |    2196 |          7039 |     86190
    88100 |   14217 |    2197 |          7040 |     86090
    88200 |   14238 |    2197 |          7040 |     85990
    88300 |   14256 |    2197 |          7040 |     85890
    88400 |   14287 |    2197 |          7040 |     85790
    88500 |   14310 |    2197 |          7040 |     85690
    88600 |   14326 |    2197 |          7040 |     85590
    88700 |   14326 |    2197 |          7140 |     85490
    88800 |   14357 |    2197 |          7170 |     85390
    88900 |   14365 |    2197 |          7170 |     85290
    89000 |   14370 |    2197 |          7170 |     85190
    89100 |   14390 |    2197 |          7170 |     85090
    89200 |   14390 |    2197 |          7170 |     84990
    89300 |   14390 |    2197 |          7170 |     84890
    89400 |   14390 |    2197 |          7170 |     84790
    89500 |   14390 |    2197 |          7170 |     84690
    89600 |   14390 |    2197 |          7170 |     84590
    89700 |   14390 |    2197 |          7170 |     84490
    89800 |   14390 |    2197 |          7170 |     84390
    89900 |   14390 |    2197 |          7170 |     84290
    90000 |   14390 |    2197 |          7170 |     84190
    90100 |   14390 |    2197 |          7170 |     84090
    90200 |   14390 |    2197 |          7170 |     83990
    90300 |   14390 |    2197 |          7170 |     83890
    90400 |   14390 |    2197 |          7170 |     83790
    90500 |   14390 |    2197 |          7170 |     83690
    90600 |   14426 |    2197 |          7174 |     83590
    90700 |   14463 |    2197 |          7176 |     83490
    90800 |   14489 |    2198 |          7177 |     83390
    90900 |   14535 |    2198 |          7177 |     83290
    91000 |   14589 |    2198 |          7181 |     83190
    91100 |   14673 |    2288 |          7239 |     83090
    91200 |   14704 |    2311 |          7289 |     82990
    91300 |   14727 |    2311 |          7291 |     82890
    91400 |   14743 |    2311 |          7291 |     82790
    91500 |   14753 |    2311 |          7291 |     82690
    91600 |   14766 |    2311 |          7291 |     82590
    91700 |   14776 |    2311 |          7291 |     82490
    91800 |   14789 |    2311 |          7291 |     82390
    91900 |   14790 |    2311 |          7388 |     82290
    92000 |   14790 |    2311 |          7488 |     82190
    92100 |   14790 |    2311 |          7588 |     82090
    92200 |   14790 |    2311 |          7688 |     81990
    92300 |   14790 |    2311 |          7788 |     81890
    92400 |   14790 |    2311 |          7888 |     81790
    92500 |   14790 |    2311 |          7988 |     81690
    92600 |   14794 |    2334 |          8088 |     81590
    92700 |   14795 |    2346 |          8188 |     81490
    92800 |   14795 |    2346 |          8288 |     81390
    92900 |   14798 |    2346 |          8382 |     81290
    93000 |   14835 |    2346 |          8382 |     81190
    93100 |   14861 |    2346 |          8382 |     81090
    93200 |   14895 |    2346 |          8382 |     80990
    93300 |   14934 |    2346 |          8382 |     80890
    93400 |   14968 |    2346 |          8382 |     80790
    93500 |   15006 |    2346 |          8382 |     80690
    93600 |   15037 |    2346 |          8382 |     80590
    93700 |   15062 |    2346 |          8382 |     80490
    93800 |   15104 |    2346 |          8382 |     80390
    93900 |   15135 |    2346 |          8382 |     80290
    94000 |   15164 |    2346 |          8382 |     80190
    94100 |   15197 |    2346 |          8382 |     80090
    94200 |   15225 |    2346 |          8382 |     79990
    94300 |   15249 |    2346 |          8382 |     79890
    94400 |   15249 |    2346 |          8472 |     79790
    94500 |   15249 |    2346 |          8548 |     79690
    94600 |   15260 |    2346 |          8548 |     79590
    94700 |   15287 |    2346 |          8549 |     79490
    94800 |   15315 |    2346 |          8550 |     79390
    94900 |   15344 |    2346 |          8550 |     79290
    95000 |   15378 |    2346 |          8551 |     79190
    95100 |   15406 |    2346 |          8553 |     79090
    95200 |   15437 |    2346 |          8555 |     78990
    95300 |   15471 |    2346 |          8558 |     78890
    95400 |   15503 |    2346 |          8560 |     78790
    95500 |   15523 |    2346 |          8560 |     78690
    95600 |   15545 |    2346 |          8561 |     78590
    95700 |   15582 |    2346 |          8562 |     78490
    95800 |   15607 |    2346 |          8562 |     78390
    95900 |   15635 |    2346 |          8565 |     78290
    96000 |   15657 |    2346 |          8566 |     78190
    96100 |   15695 |    2346 |          8568 |     78090
    96200 |   15720 |    2346 |          8570 |     77990
    96300 |   15749 |    2346 |          8571 |     77890
    96400 |   15780 |    2346 |          8573 |     77790
    96500 |   15813 |    2346 |          8574 |     77690
    96600 |   15855 |    2346 |          8575 |     77590
    96700 |   15890 |    2346 |          8576 |     77490
    96800 |   15920 |    2346 |          8577 |     77390
    96900 |   15952 |    2346 |          8578 |     77290
    97000 |   15981 |    2346 |          8579 |     77190
    97100 |   16013 |    2346 |          8581 |     77090
    97200 |   16043 |    2346 |          8581 |     76990
    97300 |   16066 |    2346 |          8581 |     76890
    97400 |   16089 |    2346 |          8581 |     76790
    97500 |   16134 |    2346 |          8581 |     76690
    97600 |   16159 |    2346 |          8581 |     76590
    97700 |   16170 |    2348 |          8592 |     76490
    97800 |   16198 |    2348 |          8686 |     76390
    97900 |   16242 |    2349 |          8786 |     76290
    98000 |   16266 |    2350 |          8857 |     76190
    98100 |   16299 |    2350 |          8857 |     76090
    98200 |   16323 |    2351 |          8858 |     75990
    98300 |   16323 |    2351 |          8858 |     75890
    98400 |   16326 |    2351 |          8858 |     75790
    98500 |   16328 |    2351 |          8858 |     75690
    98600 |   16332 |    2351 |          8858 |     75590
    98700 |   16370 |    2351 |          8858 |     75490
    98800 |   16405 |    2389 |          8868 |     75390
    98900 |   16405 |    2390 |          8869 |     75290
    99000 |   16405 |    2390 |          8869 |     75190
    99100 |   16405 |    2390 |          8869 |     75090
    99200 |   16405 |    2390 |          8869 |     74990
    99300 |   16405 |    2390 |          8869 |     74890
    99400 |   16405 |    2390 |          8869 |     74790
    99500 |   16405 |    2390 |          8869 |     74690
    99600 |   16405 |    2390 |          8869 |     74590
    99700 |   16405 |    2390 |          8869 |     74490
    99800 |   16405 |    2390 |          8869 |     74390
    99900 |   16405 |    2390 |          8869 |     74290
   100000 |   16405 |    2390 |          8869 |     74190
   100100 |   16405 |    2390 |          8869 |     74090
   100200 |   16405 |    2390 |          8869 |     73990
   100300 |   16405 |    2390 |          8869 |     73890
   100400 |   16405 |    2390 |          8869 |     73790
   100500 |   16405 |    2390 |          8869 |     73690
   100600 |   16405 |    2390 |          8869 |     73590
   100700 |   16479 |    2396 |          8874 |     73490
   100800 |   16516 |    2396 |          8874 |     73390
   100900 |   16537 |    2396 |          8874 |     73290
   101000 |   16550 |    2397 |          8875 |     73190
   101100 |   16553 |    2397 |          8941 |     73090
   101200 |   16564 |    2397 |          9005 |     72990
   101300 |   16605 |    2397 |          9046 |     72890
   101400 |   16646 |    2397 |          9125 |     72790
   101500 |   16660 |    2397 |          9125 |     72690
   101600 |   16666 |    2397 |          9126 |     72590
   101700 |   16666 |    2397 |          9126 |     72490
   101800 |   16666 |    2397 |          9126 |     72390
   101900 |   16666 |    2397 |          9126 |     72290
   102000 |   16666 |    2397 |          9126 |     72190
   102100 |   16666 |    2397 |          9126 |     72090
   102200 |   16666 |    2397 |          9126 |     71990
   102300 |   16666 |    2397 |          9126 |     71890
   102400 |   16666 |    2397 |          9126 |     71790
   102500 |   16666 |    2397 |          9126 |     71690
   102600 |   16666 |    2397 |          9126 |     71590
   102700 |   16669 |    2397 |          9127 |     71490
   102800 |   16705 |    2398 |          9129 |     71390
   102900 |   16728 |    2398 |          9129 |     71290
   103000 |   16797 |    2398 |          9129 |     71190
   103100 |   16859 |    2398 |          9129 |     71090
   103200 |   16916 |    2398 |          9129 |     70990
   103300 |   16969 |    2398 |          9129 |     70890
   103400 |   17023 |    2398 |          9129 |     70790
   103500 |   17099 |    2403 |          9131 |     70690
   103600 |   17150 |    2421 |          9139 |     70590
   103700 |   17221 |    2427 |          9140 |     70490
   103800 |   17288 |    2427 |          9140 |     70390
   103900 |   17363 |    2427 |          9140 |     70290
   104000 |   17405 |    2427 |          9189 |     70190
   104100 |   17405 |    2427 |          9288 |     70090
   104200 |   17410 |    2465 |          9388 |     69990
   104300 |   17410 |    2465 |          9488 |     69890
   104400 |   17410 |    2465 |          9585 |     69790
   104500 |   17410 |    2465 |          9680 |     69690
   104600 |   17410 |    2465 |          9753 |     69590
   104700 |   17411 |    2466 |          9848 |     69490
   104800 |   17411 |    2466 |          9948 |     69390
   104900 |   17411 |    2466 |         10048 |     69290
   105000 |   17416 |    2466 |         10130 |     69190
   105100 |   17447 |    2466 |         10130 |     69090
   105200 |   17470 |    2466 |         10130 |     68990
   105300 |   17504 |    2466 |         10130 |     68890
   105400 |   17534 |    2466 |         10130 |     68790
   105500 |   17560 |    2466 |         10130 |     68690
   105600 |   17596 |    2468 |         10132 |     68590
   105700 |   17646 |    2468 |         10132 |     68490
   105800 |   17678 |    2468 |         10132 |     68390
   105900 |   17718 |    2468 |         10132 |     68290
   106000 |   17771 |    2468 |         10132 |     68190
   106100 |   17806 |    2475 |         10136 |     68090
   106200 |   17849 |    2483 |         10142 |     67990
   106300 |   17873 |    2483 |         10142 |     67890
   106400 |   17896 |    2483 |         10142 |     67790
   106500 |   17908 |    2483 |         10142 |     67690
   106600 |   17918 |    2483 |         10142 |     67590
   106700 |   17925 |    2484 |         10144 |     67490
   106800 |   17925 |    2484 |         10144 |     67390
   106900 |   17925 |    2484 |         10144 |     67290
   107000 |   17925 |    2484 |         10144 |     67190
   107100 |   17925 |    2484 |         10144 |     67090
   107200 |   17925 |    2484 |         10144 |     66990
   107300 |   17940 |    2486 |         10148 |     66890
   107400 |   17955 |    2486 |         10154 |     66790
   107500 |   17969 |    2486 |         10160 |     66690
   107600 |   17985 |    2486 |         10166 |     66590
   107700 |   18006 |    2486 |         10176 |     66490
   107800 |   18022 |    2486 |         10182 |     66390
   107900 |   18053 |    2486 |         10188 |     66290
   108000 |   18091 |    2487 |         10196 |     66190
   108100 |   18174 |    2523 |         10229 |     66090
   108200 |   18222 |    2537 |         10241 |     65990
   108300 |   18235 |    2537 |         10241 |     65890
   108400 |   18275 |    2537 |         10241 |     65790
   108500 |   18289 |    2537 |         10241 |     65690
   108600 |   18289 |    2537 |         10241 |     65590
   108700 |   18323 |    2537 |         10241 |     65490
   108800 |   18344 |    2538 |         10242 |     65390
   108900 |   18358 |    2538 |         10335 |     65290
   109000 |   18363 |    2538 |         10428 |     65190
   109100 |   18365 |    2538 |         10526 |     65090
   109200 |   18381 |    2560 |         10573 |     64990
   109300 |   18405 |    2560 |         10573 |     64890
   109400 |   18443 |    2560 |         10573 |     64790
   109500 |   18448 |    2560 |         10573 |     64690
   109600 |   18458 |    2560 |         10573 |     64590
   109700 |   18523 |    2566 |         10577 |     64490
   109800 |   18593 |    2566 |         10577 |     64390
   109900 |   18602 |    2566 |         10577 |     64290
   110000 |   18602 |    2566 |         10577 |     64190
   110100 |   18602 |    2576 |         10586 |     64090
   110200 |   18602 |    2576 |         10586 |     63990
   110300 |   18602 |    2576 |         10586 |     63890
   110400 |   18602 |    2576 |         10586 |     63790
   110500 |   18602 |    2576 |         10586 |     63690
   110600 |   18602 |    2576 |         10586 |     63590
   110700 |   18602 |    2576 |         10586 |     63490
   110800 |   18602 |    2576 |         10586 |     63390
   110900 |   18602 |    2576 |         10586 |     63290
   111000 |   18602 |    2576 |         10586 |     63190
   111100 |   18602 |    2576 |         10586 |     63090
   111200 |   18602 |    2576 |         10586 |     62990
   111300 |   18614 |    2578 |         10589 |     62890
   111400 |   18650 |    2582 |         10607 |     62790
   111500 |   18668 |    2586 |         10610 |     62690
   111600 |   18668 |    2586 |         10610 |     62590
   111700 |   18668 |    2586 |         10610 |     62490
   111800 |   18668 |    2586 |         10610 |     62390
   111900 |   18668 |    2586 |         10610 |     62290
   112000 |   18668 |    2586 |         10610 |     62190
   112100 |   18673 |    2586 |         10610 |     62090
   112200 |   18693 |    2586 |         10610 |     61990
   112300 |   18698 |    2590 |         10611 |     61890
   112400 |   18710 |    2592 |         10612 |     61790
   112500 |   18714 |    2592 |         10612 |     61690
   112600 |   18714 |    2592 |         10612 |     61590
   112700 |   18714 |    2592 |         10612 |     61490
   112800 |   18714 |    2592 |         10612 |     61390
   112900 |   18714 |    2592 |         10612 |     61290
   113000 |   18715 |    2592 |         10613 |     61190
   113100 |   18715 |    2592 |         10613 |     61090
   113200 |   18715 |    2592 |         10613 |     60990
   113300 |   18738 |    2592 |         10613 |     60890
   113400 |   18776 |    2592 |         10613 |     60790
   113500 |   18797 |    2598 |         10623 |     60690
   113600 |   18843 |    2601 |         10629 |     60590
   113700 |   18886 |    2601 |         10631 |     60490
   113800 |   18917 |    2601 |         10633 |     60390
   113900 |   18973 |    2604 |         10637 |     60290
   114000 |   19041 |    2629 |         10649 |     60190
   114100 |   19059 |    2753 |         10654 |     60090
   114200 |   19112 |    2753 |         10654 |     59990
   114300 |   19191 |    2753 |         10654 |     59890
   114400 |   19250 |    2811 |         10661 |     59790
   114500 |   19291 |    2821 |         10668 |     59690
   114600 |   19362 |    2857 |         10692 |     59590
   114700 |   19443 |    2883 |         10711 |     59490
   114800 |   19485 |    2883 |         10711 |     59390
   114900 |   19523 |    2883 |         10711 |     59290
   115000 |   19556 |    2883 |         10721 |     59190
   115100 |   19561 |    2886 |         10745 |     59090
   115200 |   19598 |    2934 |         10760 |     58990
   115300 |   19669 |    2985 |         10786 |     58890
   115400 |   19722 |    3054 |         10810 |     58790
   115500 |   19763 |    3054 |         10810 |     58690
   115600 |   19821 |    3054 |         10810 |     58590
   115700 |   19846 |    3054 |         10810 |     58490
   115800 |   19872 |    3054 |         10894 |     58390
   115900 |   19926 |    3056 |         10950 |     58290
   116000 |   19940 |    3056 |         10950 |     58190
   116100 |   19947 |    3058 |         10951 |     58090
   116200 |   19984 |    3075 |         10954 |     57990
   116300 |   20002 |    3076 |         10955 |     57890
   116400 |   20051 |    3100 |         10965 |     57790
   116500 |   20094 |    3100 |         10965 |     57690
   116600 |   20144 |    3117 |         10968 |     57590
   116700 |   20145 |    3118 |         10969 |     57490
   116800 |   20180 |    3121 |         10971 |     57390
   116900 |   20182 |    3121 |         10971 |     57290
   117000 |   20192 |    3129 |         10974 |     57190
   117100 |   20199 |    3129 |         10980 |     57090
   117200 |   20206 |    3132 |         10985 |     56990
   117300 |   20206 |    3132 |         10985 |     56890
   117400 |   20206 |    3132 |         10987 |     56790
   117500 |   20206 |    3132 |         10991 |     56690
   117600 |   20206 |    3132 |         10995 |     56590
   117700 |   20206 |    3132 |         11002 |     56490
   117800 |   20206 |    3132 |         11005 |     56390
   117900 |   20206 |    3132 |         11010 |     56290
   118000 |   20208 |    3132 |         11014 |     56190
   118100 |   20209 |    3132 |         11017 |     56090
   118200 |   20209 |    3132 |         11022 |     55990
   118300 |   20209 |    3132 |         11030 |     55890
   118400 |   20210 |    3132 |         11043 |     55790
   118500 |   20210 |    3132 |         11051 |     55690
   118600 |   20211 |    3132 |         11059 |     55590
   118700 |   20214 |    3132 |         11068 |     55490
   118800 |   20216 |    3132 |         11073 |     55390
   118900 |   20218 |    3132 |         11075 |     55290
   119000 |   20220 |    3132 |         11078 |     55190
   119100 |   20222 |    3132 |         11079 |     55090
   119200 |   20226 |    3132 |         11084 |     54990
   119300 |   20231 |    3132 |         11090 |     54890
   119400 |   20234 |    3132 |         11097 |     54790
   119500 |   20235 |    3132 |         11106 |     54690
   119600 |   20238 |    3132 |         11116 |     54590
   119700 |   20239 |    3132 |         11121 |     54490
   119800 |   20239 |    3132 |         11127 |     54390
   119900 |   20240 |    3132 |         11132 |     54290
   120000 |   20242 |    3132 |         11135 |     54190
   120100 |   20246 |    3132 |         11140 |     54090
   120200 |   20247 |    3132 |         11140 |     53990
   120300 |   20247 |    3132 |         11140 |     53890
   120400 |   20254 |    3134 |         11147 |     53790
   120500 |   20313 |    3148 |         11162 |     53690
   120600 |   20355 |    3148 |         11162 |     53590
   120700 |   20386 |    3148 |         11163 |     53490
   120800 |   20422 |    3149 |         11165 |     53390
   120900 |   20470 |    3156 |         11171 |     53290
   121000 |   20534 |    3177 |         11185 |     53190
   121100 |   20585 |    3183 |         11186 |     53090
   121200 |   20596 |    3220 |         11190 |     52990
   121300 |   20624 |    3220 |         11190 |     52890
   121400 |   20674 |    3220 |         11190 |     52790
   121500 |   20718 |    3220 |         11190 |     52690
   121600 |   20741 |    3220 |         11190 |     52590
   121700 |   20818 |    3220 |         11190 |     52490
   121800 |   20827 |    3220 |         11190 |     52390
   121900 |   20831 |    3220 |         11190 |     52290
   122000 |   20869 |    3221 |         11191 |     52190
   122100 |   20912 |    3222 |         11192 |     52090
   122200 |   20940 |    3222 |         11192 |     51990
   122300 |   20965 |    3222 |         11192 |     51890
   122400 |   20996 |    3222 |         11192 |     51790
   122500 |   21019 |    3222 |         11192 |     51690
   122600 |   21050 |    3222 |         11192 |     51590
   122700 |   21050 |    3222 |         11194 |     51490
   122800 |   21065 |    3233 |         11202 |     51390
   122900 |   21066 |    3237 |         11203 |     51290
   123000 |   21070 |    3237 |         11203 |     51190
   123100 |   21083 |    3237 |         11203 |     51090
   123200 |   21094 |    3237 |         11203 |     50990
   123300 |   21104 |    3237 |         11203 |     50890
   123400 |   21124 |    3245 |         11207 |     50790
   123500 |   21153 |    3248 |         11210 |     50690
   123600 |   21178 |    3248 |         11210 |     50590
   123700 |   21213 |    3259 |         11212 |     50490
   123800 |   21234 |    3259 |         11212 |     50390
   123900 |   21254 |    3259 |         11212 |     50290
   124000 |   21280 |    3259 |         11231 |     50190
   124100 |   21295 |    3259 |         11280 |     50090
   124200 |   21310 |    3259 |         11329 |     49990
   124300 |   21327 |    3259 |         11378 |     49890
   124400 |   21343 |    3259 |         11429 |     49790
   124500 |   21358 |    3259 |         11479 |     49690
   124600 |   21375 |    3259 |         11495 |     49590
   124700 |   21409 |    3259 |         11498 |     49490
   124800 |   21427 |    3264 |         11504 |     49390
   124900 |   21447 |    3264 |         11504 |     49290
   125000 |   21458 |    3264 |         11504 |     49190
   125100 |   21469 |    3264 |         11504 |     49090
   125200 |   21489 |    3266 |         11506 |     48990
   125300 |   21493 |    3266 |         11506 |     48890
   125400 |   21493 |    3266 |         11506 |     48790
   125500 |   21493 |    3266 |         11506 |     48690
   125600 |   21498 |    3266 |         11506 |     48590
   125700 |   21539 |    3266 |         11506 |     48490
   125800 |   21595 |    3266 |         11506 |     48390
   125900 |   21652 |    3266 |         11506 |     48290
   126000 |   21720 |    3266 |         11506 |     48190
   126100 |   21787 |    3266 |         11506 |     48090
   126200 |   21792 |    3306 |         11510 |     47990
   126300 |   21792 |    3306 |         11510 |     47890
   126400 |   21792 |    3307 |         11511 |     47790
   126500 |   21797 |    3307 |         11511 |     47690
   126600 |   21819 |    3307 |         11511 |     47590
   126700 |   21827 |    3309 |         11512 |     47490
   126800 |   21837 |    3309 |         11512 |     47390
   126900 |   21875 |    3309 |         11512 |     47290
   127000 |   21975 |    3309 |         11534 |     47190
   127100 |   22008 |    3309 |         11542 |     47090
   127200 |   22060 |    3311 |         11561 |     46990
   127300 |   22098 |    3313 |         11563 |     46890
   127400 |   22114 |    3313 |         11563 |     46790
   127500 |   22133 |    3313 |         11563 |     46690
   127600 |   22139 |    3313 |         11563 |     46590
   127700 |   22157 |    3313 |         11566 |     46490
   127800 |   22211 |    3326 |         11579 |     46390
   127900 |   22270 |    3326 |         11595 |     46290
   128000 |   22324 |    3326 |         11607 |     46190
   128100 |   22335 |    3326 |         11610 |     46090
   128200 |   22349 |    3326 |         11610 |     45990
   128300 |   22349 |    3326 |         11610 |     45890
   128400 |   22349 |    3326 |         11610 |     45790
   128500 |   22349 |    3326 |         11610 |     45690
   128600 |   22349 |    3326 |         11610 |     45590
   128700 |   22349 |    3326 |         11610 |     45490
   128800 |   22349 |    3326 |         11610 |     45390
   128900 |   22349 |    3326 |         11610 |     45290
   129000 |   22355 |    3330 |         11614 |     45190
   129100 |   22355 |    3330 |         11614 |     45090
   129200 |   22355 |    3330 |         11614 |     44990
   129300 |   22355 |    3330 |         11614 |     44890
   129400 |   22355 |    3330 |         11614 |     44790
   129500 |   22355 |    3330 |         11614 |     44690
   129600 |   22356 |    3330 |         11614 |     44590
   129700 |   22356 |    3330 |         11614 |     44490
   129800 |   22359 |    3330 |         11614 |     44390
   129900 |   22359 |    3331 |         11615 |     44290
   130000 |   22361 |    3331 |         11615 |     44190
   130100 |   22362 |    3331 |         11615 |     44090
   130200 |   22363 |    3331 |         11615 |     43990
   130300 |   22365 |    3331 |         11615 |     43890
   130400 |   22365 |    3331 |         11615 |     43790
   130500 |   22365 |    3331 |         11615 |     43690
   130600 |   22365 |    3331 |         11615 |     43590
   130700 |   22365 |    3331 |         11615 |     43490
   130800 |   22371 |    3331 |         11615 |     43390
   130900 |   22371 |    3331 |         11615 |     43290
   131000 |   22371 |    3331 |         11615 |     43190
   131100 |   22371 |    3331 |         11615 |     43090
   131200 |   22371 |    3331 |         11615 |     42990
   131300 |   22371 |    3331 |         11615 |     42890
   131400 |   22371 |    3331 |         11615 |     42790
   131500 |   22371 |    3331 |         11615 |     42690
   131600 |   22377 |    3331 |         11615 |     42590
   131700 |   22377 |    3331 |         11615 |     42490
   131800 |   22377 |    3331 |         11615 |     42390
   131900 |   22377 |    3331 |         11615 |     42290
   132000 |   22377 |    3331 |         11615 |     42190
   132100 |   22377 |    3331 |         11615 |     42090
   132200 |   22377 |    3331 |         11615 |     41990
   132300 |   22377 |    3331 |         11615 |     41890
   132400 |   22382 |    3331 |         11615 |     41790
   132500 |   22382 |    3331 |         11615 |     41690
   132600 |   22382 |    3331 |         11615 |     41590
   132700 |   22382 |    3331 |         11615 |     41490
   132800 |   22382 |    3331 |         11615 |     41390
   132900 |   22382 |    3331 |         11615 |     41290
   133000 |   22382 |    3331 |         11615 |     41190
   133100 |   22382 |    3331 |         11615 |     41090
   133200 |   22385 |    3331 |         11615 |     40990
   133300 |   22385 |    3331 |         11615 |     40890
   133400 |   22385 |    3331 |         11615 |     40790
   133500 |   22385 |    3331 |         11615 |     40690
   133600 |   22385 |    3331 |         11615 |     40590
   133700 |   22385 |    3331 |         11615 |     40490
   133800 |   22385 |    3331 |         11615 |     40390
   133900 |   22385 |    3331 |         11615 |     40290
   134000 |   22387 |    3334 |         11617 |     40190
   134100 |   22387 |    3334 |         11617 |     40090
   134200 |   22388 |    3345 |         11619 |     39990
   134300 |   22391 |    3345 |         11619 |     39890
   134400 |   22392 |    3345 |         11619 |     39790
   134500 |   22396 |    3345 |         11619 |     39690
   134600 |   22403 |    3345 |         11619 |     39590
   134700 |   22407 |    3345 |         11619 |     39490
   134800 |   22413 |    3345 |         11619 |     39390
   134900 |   22415 |    3345 |         11619 |     39290
   135000 |   22420 |    3345 |         11619 |     39190
   135100 |   22423 |    3345 |         11619 |     39090
   135200 |   22425 |    3345 |         11619 |     38990
   135300 |   22427 |    3345 |         11619 |     38890
   135400 |   22429 |    3345 |         11619 |     38790
   135500 |   22433 |    3345 |         11619 |     38690
   135600 |   22439 |    3345 |         11619 |     38590
   135700 |   22441 |    3345 |         11619 |     38490
   135800 |   22446 |    3345 |         11619 |     38390
   135900 |   22447 |    3345 |         11619 |     38290
   136000 |   22449 |    3345 |         11619 |     38190
   136100 |   22450 |    3345 |         11619 |     38090
   136200 |   22451 |    3345 |         11619 |     37990
   136300 |   22454 |    3345 |         11619 |     37890
   136400 |   22456 |    3345 |         11619 |     37790
   136500 |   22459 |    3345 |         11619 |     37690
   136600 |   22462 |    3345 |         11619 |     37590
   136700 |   22466 |    3345 |         11619 |     37490
   136800 |   22469 |    3345 |         11619 |     37390
   136900 |   22471 |    3345 |         11619 |     37290
   137000 |   22473 |    3345 |         11619 |     37190
   137100 |   22478 |    3345 |         11619 |     37090
   137200 |   22479 |    3345 |         11619 |     36990
   137300 |   22479 |    3345 |         11619 |     36890
   137400 |   22480 |    3345 |         11619 |     36790
   137500 |   22481 |    3345 |         11619 |     36690
   137600 |   22481 |    3345 |         11619 |     36590
   137700 |   22481 |    3345 |         11619 |     36490
   137800 |   22484 |    3345 |         11619 |     36390
   137900 |   22489 |    3345 |         11619 |     36290
   138000 |   22491 |    3345 |         11619 |     36190
   138100 |   22492 |    3345 |         11619 |     36090
   138200 |   22492 |    3346 |         11620 |     35990
   138300 |   22492 |    3353 |         11626 |     35890
   138400 |   22492 |    3374 |         11646 |     35790
   138500 |   22492 |    3388 |         11659 |     35690
   138600 |   22492 |    3390 |         11660 |     35590
   138700 |   22492 |    3391 |         11661 |     35490
   138800 |   22492 |    3391 |         11661 |     35390
   138900 |   22492 |    3391 |         11661 |     35290
   139000 |   22492 |    3437 |         11674 |     35190
   139100 |   22492 |    3437 |         11674 |     35090
   139200 |   22492 |    3437 |         11674 |     34990
   139300 |   22492 |    3437 |         11674 |     34890
   139400 |   22493 |    3437 |         11674 |     34790
   139500 |   22493 |    3437 |         11674 |     34690
   139600 |   22493 |    3437 |         11674 |     34590
   139700 |   22493 |    3437 |         11674 |     34490
   139800 |   22493 |    3437 |         11674 |     34390
   139900 |   22493 |    3437 |         11674 |     34290
   140000 |   22493 |    3437 |         11674 |     34190
   140100 |   22493 |    3437 |         11674 |     34090
   140200 |   22493 |    3437 |         11674 |     33990
   140300 |   22493 |    3437 |         11674 |     33890
   140400 |   22493 |    3437 |         11674 |     33790
   140500 |   22493 |    3437 |         11674 |     33690
   140600 |   22493 |    3437 |         11674 |     33590
   140700 |   22493 |    3437 |         11674 |     33490
   140800 |   22493 |    3437 |         11674 |     33390
   140900 |   22493 |    3437 |         11674 |     33290
   141000 |   22493 |    3437 |         11674 |     33190
   141100 |   22493 |    3437 |         11674 |     33090
   141200 |   22493 |    3437 |         11674 |     32990
   141300 |   22493 |    3439 |         11675 |     32890
   141400 |   22493 |    3439 |         11675 |     32790
   141500 |   22494 |    3441 |         11676 |     32690
   141600 |   22494 |    3441 |         11676 |     32590
   141700 |   22508 |    3441 |         11676 |     32490
   141800 |   22526 |    3441 |         11676 |     32390
   141900 |   22526 |    3441 |         11676 |     32290
   142000 |   22526 |    3441 |         11676 |     32190
   142100 |   22526 |    3441 |         11676 |     32090
   142200 |   22526 |    3441 |         11676 |     31990
   142300 |   22526 |    3441 |         11676 |     31890
   142400 |   22526 |    3441 |         11676 |     31790
   142500 |   22526 |    3441 |         11676 |     31690
   142600 |   22526 |    3441 |         11676 |     31590
   142700 |   22526 |    3441 |         11676 |     31490
   142800 |   22526 |    3441 |         11676 |     31390
   142900 |   22526 |    3441 |         11676 |     31290
   143000 |   22526 |    3441 |         11676 |     31190
   143100 |   22526 |    3441 |         11676 |     31090
   143200 |   22526 |    3441 |         11676 |     30990
   143300 |   22526 |    3441 |         11676 |     30890
   143400 |   22526 |    3441 |         11676 |     30790
   143500 |   22526 |    3441 |         11676 |     30690
   143600 |   22526 |    3441 |         11676 |     30590
   143700 |   22526 |    3441 |         11676 |     30490
   143800 |   22526 |    3441 |         11676 |     30390
   143900 |   22526 |    3441 |         11676 |     30290
   144000 |   22526 |    3441 |         11676 |     30190
   144100 |   22526 |    3441 |         11676 |     30090
   144200 |   22526 |    3441 |         11676 |     29990
   144300 |   22526 |    3441 |         11676 |     29890
   144400 |   22526 |    3441 |         11676 |     29790
   144500 |   22526 |    3441 |         11676 |     29690
   144600 |   22526 |    3441 |         11676 |     29590
   144700 |   22526 |    3441 |         11676 |     29490
   144800 |   22527 |    3441 |         11676 |     29390
   144900 |   22528 |    3441 |         11676 |     29290
   145000 |   22528 |    3441 |         11676 |     29190
   145100 |   22528 |    3441 |         11676 |     29090
   145200 |   22528 |    3441 |         11676 |     28990
   145300 |   22528 |    3441 |         11676 |     28890
   145400 |   22528 |    3441 |         11676 |     28790
   145500 |   22528 |    3441 |         11676 |     28690
   145600 |   22529 |    3441 |         11676 |     28590
   145700 |   22532 |    3441 |         11676 |     28490
   145800 |   22533 |    3441 |         11676 |     28390
   145900 |   22533 |    3441 |         11676 |     28290
   146000 |   22533 |    3441 |         11676 |     28190
   146100 |   22533 |    3441 |         11676 |     28090
   146200 |   22533 |    3441 |         11676 |     27990
   146300 |   22533 |    3441 |         11676 |     27890
   146400 |   22533 |    3441 |         11676 |     27790
   146500 |   22533 |    3441 |         11676 |     27690
   146600 |   22533 |    3441 |         11676 |     27590
   146700 |   22533 |    3441 |         11676 |     27490
   146800 |   22533 |    3441 |         11676 |     27390
   146900 |   22534 |    3441 |         11676 |     27290
   147000 |   22534 |    3441 |         11676 |     27190
   147100 |   22534 |    3441 |         11676 |     27090
   147200 |   22535 |    3441 |         11676 |     26990
   147300 |   22535 |    3441 |         11676 |     26890
   147400 |   22535 |    3441 |         11676 |     26790
   147500 |   22535 |    3441 |         11676 |     26690
   147600 |   22535 |    3441 |         11676 |     26590
   147700 |   22535 |    3441 |         11676 |     26490
   147800 |   22535 |    3441 |         11676 |     26390
   147900 |   22535 |    3441 |         11676 |     26290
   148000 |   22535 |    3441 |         11676 |     26190
   148100 |   22536 |    3441 |         11676 |     26090
   148200 |   22537 |    3441 |         11676 |     25990
   148300 |   22537 |    3441 |         11676 |     25890
   148400 |   22537 |    3441 |         11676 |     25790
   148500 |   22537 |    3441 |         11676 |     25690
   148600 |   22537 |    3441 |         11676 |     25590
   148700 |   22537 |    3441 |         11676 |     25490
   148800 |   22537 |    3441 |         11676 |     25390
   148900 |   22538 |    3441 |         11676 |     25290
   149000 |   22538 |    3441 |         11676 |     25190
   149100 |   22538 |    3441 |         11676 |     25090
   149200 |   22538 |    3441 |         11676 |     24990
   149300 |   22538 |    3441 |         11676 |     24890
   149400 |   22538 |    3441 |         11676 |     24790
   149500 |   22538 |    3441 |         11676 |     24690
   149600 |   22538 |    3441 |         11676 |     24590
   149700 |   22538 |    3441 |         11676 |     24490
   149800 |   22538 |    3441 |         11676 |     24390
   149900 |   22538 |    3441 |         11676 |     24290
   150000 |   22538 |    3441 |         11676 |     24190
   150100 |   22538 |    3441 |         11676 |     24090
   150200 |   22538 |    3441 |         11676 |     23990
   150300 |   22538 |    3441 |         11676 |     23890
   150400 |   22539 |    3441 |         11676 |     23790
   150500 |   22539 |    3441 |         11676 |     23690
   150600 |   22541 |    3441 |         11676 |     23590
   150700 |   22541 |    3441 |         11676 |     23490
   150800 |   22541 |    3441 |         11676 |     23390
   150900 |   22541 |    3441 |         11676 |     23290
   151000 |   22542 |    3441 |         11676 |     23190
   151100 |   22545 |    3441 |         11676 |     23090
   151200 |   22545 |    3441 |         11676 |     22990
   151300 |   22545 |    3441 |         11676 |     22890
   151400 |   22545 |    3441 |         11676 |     22790
   151500 |   22545 |    3441 |         11676 |     22690
   151600 |   22545 |    3441 |         11676 |     22590
   151700 |   22545 |    3441 |         11676 |     22490
   151800 |   22545 |    3441 |         11676 |     22390
   151900 |   22545 |    3441 |         11676 |     22290
   152000 |   22545 |    3441 |         11676 |     22190
   152100 |   22545 |    3441 |         11676 |     22090
   152200 |   22546 |    3441 |         11676 |     21990
   152300 |   22546 |    3441 |         11676 |     21890
   152400 |   22546 |    3441 |         11676 |     21790
   152500 |   22547 |    3441 |         11676 |     21690
   152600 |   22549 |    3441 |         11676 |     21590
   152700 |   22549 |    3441 |         11676 |     21490
   152800 |   22552 |    3441 |         11676 |     21390
   152900 |   22557 |    3441 |         11676 |     21290
   153000 |   22558 |    3441 |         11676 |     21190
   153100 |   22563 |    3441 |         11676 |     21090
   153200 |   22567 |    3441 |         11676 |     20990
   153300 |   22575 |    3441 |         11676 |     20890
   153400 |   22579 |    3441 |         11676 |     20790
   153500 |   22582 |    3441 |         11676 |     20690
   153600 |   22591 |    3459 |         11684 |     20590
   153700 |   22593 |    3470 |         11694 |     20490
   153800 |   22593 |    3521 |         11745 |     20390
   153900 |   22593 |    3535 |         11757 |     20290
   154000 |   22593 |    3599 |         11821 |     20190
   154100 |   22593 |    3631 |         11853 |     20090
   154200 |   22593 |    3664 |         11886 |     19990
   154300 |   22593 |    3670 |         11892 |     19890
   154400 |   22593 |    3682 |         11904 |     19790
   154500 |   22593 |    3708 |         11930 |     19690
   154600 |   22593 |    3764 |         11986 |     19590
   154700 |   22593 |    3764 |         11986 |     19490
   154800 |   22593 |    3774 |         11996 |     19390
   154900 |   22593 |    3791 |         12013 |     19290
   155000 |   22593 |    3843 |         12065 |     19190
   155100 |   22593 |    3859 |         12081 |     19090
   155200 |   22593 |    3859 |         12081 |     18990
   155300 |   22593 |    3859 |         12081 |     18890
   155400 |   22593 |    3859 |         12081 |     18790
   155500 |   22593 |    3859 |         12081 |     18690
   155600 |   22593 |    3859 |         12081 |     18590
   155700 |   22593 |    3859 |         12081 |     18490
   155800 |   22593 |    3859 |         12081 |     18390
   155900 |   22593 |    3859 |         12081 |     18290
   156000 |   22593 |    3859 |         12081 |     18190
   156100 |   22619 |    3859 |         12081 |     18090
   156200 |   22655 |    3859 |         12081 |     17990
   156300 |   22690 |    3859 |         12081 |     17890
   156400 |   22693 |    3859 |         12081 |     17790
   156500 |   22693 |    3859 |         12081 |     17690
   156600 |   22694 |    3884 |         12084 |     17590
   156700 |   22694 |    3884 |         12084 |     17490
   156800 |   22694 |    3884 |         12084 |     17390
   156900 |   22694 |    3884 |         12084 |     17290
   157000 |   22694 |    3884 |         12084 |     17190
   157100 |   22694 |    3884 |         12084 |     17090
   157200 |   22694 |    3888 |         12088 |     16990
   157300 |   22694 |    3888 |         12088 |     16890
   157400 |   22699 |    3888 |         12088 |     16790
   157500 |   22744 |    3888 |         12088 |     16690
   157600 |   22744 |    3888 |         12088 |     16590
   157700 |   22744 |    3888 |         12088 |     16490
   157800 |   22744 |    3888 |         12088 |     16390
   157900 |   22744 |    3888 |         12088 |     16290
   158000 |   22744 |    3888 |         12088 |     16190
   158100 |   22744 |    3888 |         12088 |     16090
   158200 |   22744 |    3920 |         12104 |     15990
   158300 |   22744 |    3920 |         12104 |     15890
   158400 |   22744 |    3935 |         12106 |     15790
   158500 |   22744 |    3935 |         12106 |     15690
   158600 |   22744 |    3935 |         12106 |     15590
   158700 |   22744 |    3935 |         12106 |     15490
   158800 |   22744 |    3935 |         12106 |     15390
   158900 |   22744 |    3935 |         12106 |     15290
   159000 |   22744 |    3935 |         12106 |     15190
   159100 |   22744 |    3940 |         12107 |     15090
   159200 |   22744 |    3940 |         12107 |     14990
   159300 |   22744 |    3940 |         12107 |     14890
   159400 |   22744 |    3940 |         12107 |     14790
   159500 |   22744 |    3940 |         12107 |     14690
   159600 |   22744 |    3940 |         12107 |     14590
   159700 |   22744 |    3940 |         12107 |     14490
   159800 |   22744 |    3940 |         12107 |     14390
   159900 |   22744 |    3940 |         12107 |     14290
   160000 |   22744 |    3940 |         12107 |     14190
   160100 |   22747 |    3940 |         12107 |     14090
   160200 |   22747 |    3940 |         12107 |     13990
   160300 |   22747 |    3940 |         12107 |     13890
   160400 |   22747 |    3940 |         12107 |     13790
   160500 |   22747 |    3940 |         12107 |     13690
   160600 |   22747 |    3940 |         12107 |     13590
   160700 |   22747 |    3940 |         12107 |     13490
   160800 |   22747 |    3940 |         12107 |     13390
   160900 |   22747 |    3940 |         12107 |     13290
   161000 |   22747 |    3940 |         12107 |     13190
   161100 |   22747 |    3940 |         12107 |     13090
   161200 |   22747 |    3940 |         12107 |     12990
   161300 |   22747 |    3940 |         12107 |     12890
   161400 |   22747 |    3940 |         12107 |     12790
   161500 |   22747 |    3940 |         12107 |     12690
   161600 |   22747 |    3940 |         12107 |     12590
   161700 |   22747 |    3940 |         12107 |     12490
   161800 |   22747 |    3940 |         12107 |     12390
   161900 |   22747 |    3940 |         12107 |     12290
   162000 |   22747 |    3940 |         12107 |     12190
   162100 |   22747 |    3940 |         12107 |     12090
   162200 |   22747 |    3940 |         12107 |     11990
   162300 |   22747 |    3940 |         12107 |     11890
   162400 |   22747 |    3940 |         12107 |     11790
   162500 |   22747 |    3952 |         12110 |     11690
   162600 |   22747 |    3957 |         12112 |     11590
   162700 |   22747 |    3957 |         12112 |     11490
   162800 |   22747 |    3957 |         12112 |     11390
   162900 |   22747 |    3958 |         12113 |     11290
   163000 |   22747 |    3958 |         12113 |     11190
   163100 |   22747 |    3961 |         12114 |     11090
   163200 |   22747 |    3961 |         12114 |     10990
   163300 |   22747 |    3961 |         12114 |     10890
   163400 |   22747 |    3961 |         12114 |     10790
   163500 |   22748 |    3962 |         12115 |     10690
   163600 |   22749 |    3962 |         12115 |     10590
   163700 |   22749 |    3982 |         12135 |     10490
   163800 |   22749 |    3986 |         12139 |     10390
   163900 |   22749 |    3986 |         12139 |     10290
   164000 |   22749 |    3986 |         12139 |     10190
   164100 |   22749 |    3986 |         12139 |     10090
   164200 |   22749 |    3986 |         12139 |      9990
   164300 |   22749 |    3986 |         12139 |      9890
   164400 |   22749 |    3986 |         12139 |      9790
   164500 |   22749 |    3986 |         12139 |      9690
   164600 |   22749 |    3986 |         12139 |      9590
   164700 |   22749 |    3986 |         12139 |      9490
   164800 |   22749 |    3986 |         12139 |      9390
   164900 |   22749 |    3986 |         12139 |      9290
   165000 |   22749 |    3986 |         12139 |      9190
   165100 |   22749 |    3986 |         12139 |      9090
   165200 |   22749 |    3986 |         12139 |      8990
   165300 |   22749 |    3986 |         12139 |      8890
   165400 |   22749 |    3986 |         12139 |      8790
   165500 |   22749 |    3986 |         12139 |      8690
   165600 |   22749 |    3986 |         12139 |      8590
   165700 |   22749 |    3986 |         12139 |      8490
   165800 |   22749 |    3986 |         12139 |      8390
   165900 |   22749 |    3986 |         12139 |      8290
   166000 |   22749 |    3986 |         12139 |      8190
   166100 |   22749 |    3986 |         12139 |      8090
   166200 |   22749 |    3986 |         12139 |      7990
   166300 |   22749 |    3986 |         12139 |      7890
   166400 |   22749 |    3986 |         12139 |      7790
   166500 |   22749 |    3986 |         12139 |      7690
   166600 |   22749 |    3986 |         12139 |      7590
   166700 |   22749 |    3986 |         12139 |      7490
   166800 |   22749 |    3986 |         12139 |      7390
   166900 |   22749 |    3986 |         12139 |      7290
   167000 |   22749 |    3986 |         12139 |      7190
   167100 |   22749 |    3986 |         12139 |      7090
   167200 |   22749 |    3986 |         12139 |      6990
   167300 |   22749 |    3986 |         12139 |      6890
   167400 |   22749 |    3986 |         12139 |      6790
   167500 |   22749 |    3986 |         12139 |      6690
   167600 |   22749 |    3986 |         12139 |      6590
   167700 |   22749 |    3986 |         12139 |      6490
   167800 |   22749 |    3986 |         12139 |      6390
   167900 |   22749 |    3986 |         12139 |      6290
   168000 |   22749 |    3986 |         12139 |      6190
   168100 |   22749 |    3986 |         12139 |      6090
   168200 |   22749 |    3986 |         12139 |      5990
   168300 |   22749 |    3986 |         12139 |      5890
   168400 |   22749 |    3986 |         12139 |      5790
   168500 |   22749 |    3986 |         12139 |      5690
   168600 |   22749 |    3986 |         12139 |      5590
   168700 |   22749 |    3986 |         12139 |      5490
   168800 |   22749 |    3986 |         12139 |      5390
   168900 |   22753 |    3988 |         12141 |      5290
   169000 |   22753 |    3988 |         12141 |      5190
   169100 |   22753 |    3988 |         12141 |      5090
   169200 |   22753 |    3988 |         12141 |      4990
   169300 |   22754 |    3989 |         12142 |      4890
   169400 |   22754 |    3989 |         12142 |      4790
   169500 |   22764 |    3989 |         12142 |      4690
   169600 |   22771 |    4007 |         12146 |      4590
   169700 |   22777 |    4007 |         12146 |      4490
   169800 |   22780 |    4007 |         12146 |      4390
   169900 |   22780 |    4007 |         12146 |      4290
   170000 |   22782 |    4007 |         12146 |      4190
   170100 |   22785 |    4007 |         12146 |      4090
   170200 |   22786 |    4007 |         12146 |      3990
   170300 |   22787 |    4007 |         12146 |      3890
   170400 |   22803 |    4008 |         12147 |      3790
   170500 |   22817 |    4008 |         12147 |      3690
   170600 |   22819 |    4008 |         12147 |      3590
   170700 |   22822 |    4008 |         12147 |      3490
   170800 |   22822 |    4008 |         12147 |      3390
   170900 |   22824 |    4008 |         12147 |      3290
   171000 |   22830 |    4008 |         12147 |      3190
   171100 |   22832 |    4008 |         12147 |      3090
   171200 |   22865 |    4008 |         12147 |      2990
   171300 |   22875 |    4008 |         12147 |      2890
   171400 |   22875 |    4008 |         12147 |      2790
   171500 |   22875 |    4008 |         12147 |      2690
   171600 |   22880 |    4008 |         12147 |      2590
   171700 |   22886 |    4012 |         12148 |      2490
   171800 |   22890 |    4012 |         12148 |      2390
   171900 |   22923 |    4014 |         12150 |      2290
